timestamp,epoch,global_step,local_step,loss,avg_loss,lr,cpu_mem_gb,gpu_mem_gb,gpu_peak_mem_gb
2026-03-07_19-48-52,1,1,1,1.000001,1.000001,0.015000,13.046,10.616,12.011
2026-03-07_19-48-52,1,2,2,1.000001,1.000001,0.015000,13.046,10.643,12.011
2026-03-07_19-48-52,1,3,3,1.000001,1.000001,0.015000,13.046,10.878,12.011
2026-03-07_19-48-52,1,4,4,1.000001,1.000001,0.015000,13.048,10.877,12.011
2026-03-07_19-48-53,1,5,5,1.000002,1.000001,0.015000,13.048,10.896,12.011
2026-03-07_19-48-53,1,6,6,1.000002,1.000001,0.015000,13.048,10.898,12.011
2026-03-07_19-48-53,1,7,7,1.000003,1.000001,0.015000,13.048,10.898,12.011
2026-03-07_19-48-53,1,8,8,1.000003,1.000002,0.015000,13.048,10.897,12.011
2026-03-07_19-48-54,1,9,9,1.000003,1.000002,0.015000,13.048,10.897,12.011
2026-03-07_19-48-54,1,10,10,1.000003,1.000002,0.015000,13.048,10.897,12.011
2026-03-07_19-48-54,1,11,11,1.000003,1.000002,0.015000,13.048,10.899,12.011
2026-03-07_19-48-54,1,12,12,1.000003,1.000002,0.015000,13.048,10.899,12.011
2026-03-07_19-48-55,1,13,13,1.000003,1.000002,0.015000,13.048,10.899,12.011
2026-03-07_19-48-55,1,14,14,1.000003,1.000002,0.015000,13.048,10.899,12.011
2026-03-07_19-48-55,1,15,15,1.000003,1.000002,0.015000,13.048,10.899,12.011
2026-03-07_19-48-55,1,16,16,1.000003,1.000002,0.015000,13.048,10.899,12.011
2026-03-07_19-48-56,1,17,17,1.000004,1.000002,0.015000,13.048,10.899,12.011
2026-03-07_19-48-56,1,18,18,1.000004,1.000002,0.015000,13.048,10.898,12.011
2026-03-07_19-48-56,1,19,19,1.000004,1.000002,0.015000,13.048,10.917,12.011
2026-03-07_19-48-56,1,20,20,1.000004,1.000003,0.015000,13.048,10.917,12.011
2026-03-07_19-48-57,1,21,21,1.000004,1.000003,0.015000,13.048,10.917,12.011
2026-03-07_19-48-57,1,22,22,1.000004,1.000003,0.015000,13.048,10.917,12.011
2026-03-07_19-48-57,1,23,23,1.000004,1.000003,0.015000,13.048,10.917,12.011
2026-03-07_19-48-57,1,24,24,1.000005,1.000003,0.015000,13.048,10.917,12.011
2026-03-07_19-48-58,1,25,25,1.000005,1.000003,0.015000,13.048,10.917,12.011
2026-03-07_19-48-58,1,26,26,1.000005,1.000003,0.015000,13.048,10.917,12.011
2026-03-07_19-48-58,1,27,27,1.000005,1.000003,0.015000,13.048,10.917,12.011
2026-03-07_19-48-58,1,28,28,1.000005,1.000003,0.015000,13.048,10.919,12.011
2026-03-07_19-48-59,1,29,29,1.000005,1.000003,0.015000,13.048,10.919,12.011
2026-03-07_19-48-59,1,30,30,1.000005,1.000003,0.015000,13.048,10.919,12.011
2026-03-07_19-48-59,1,31,31,1.000005,1.000003,0.015000,13.048,10.919,12.011
2026-03-07_19-48-59,1,32,32,1.000006,1.000003,0.015000,13.048,10.919,12.011
2026-03-07_19-48-59,1,33,33,1.000006,1.000004,0.015000,13.048,10.919,12.011
2026-03-07_19-49-00,1,34,34,1.000006,1.000004,0.015000,13.048,10.919,12.011
2026-03-07_19-49-00,1,35,35,1.000006,1.000004,0.015000,13.048,10.919,12.011
2026-03-07_19-49-00,1,36,36,1.000006,1.000004,0.015000,13.048,10.919,12.011
2026-03-07_19-49-00,1,37,37,1.000006,1.000004,0.015000,13.048,10.919,12.011
2026-03-07_19-49-00,1,38,38,1.000006,1.000004,0.015000,13.048,10.919,12.011
2026-03-07_19-49-01,1,39,39,1.000006,1.000004,0.015000,13.048,10.919,12.011
2026-03-07_19-49-01,1,40,40,1.000006,1.000004,0.015000,13.048,10.919,12.011
2026-03-07_19-49-01,1,41,41,1.000007,1.000004,0.015000,13.048,10.919,12.011
2026-03-07_19-49-01,1,42,42,1.000007,1.000004,0.015000,13.048,10.919,12.011
2026-03-07_19-49-02,1,43,43,1.000007,1.000004,0.015000,13.048,10.919,12.011
2026-03-07_19-49-02,1,44,44,1.000007,1.000004,0.015000,13.048,10.919,12.011
2026-03-07_19-49-02,1,45,45,1.000007,1.000004,0.015000,13.048,10.919,12.011
2026-03-07_19-49-02,1,46,46,1.000007,1.000004,0.015000,13.048,10.919,12.011
2026-03-07_19-49-02,1,47,47,1.000007,1.000004,0.015000,13.048,10.919,12.011
2026-03-07_19-49-03,1,48,48,1.000007,1.000004,0.015000,13.048,10.920,12.011
2026-03-07_19-49-03,1,49,49,1.000007,1.000005,0.015000,13.048,10.958,12.011
2026-03-07_19-49-03,1,50,50,1.000007,1.000005,0.015000,13.048,10.958,12.011
2026-03-07_19-49-04,1,51,51,1.000008,1.000005,0.015000,13.048,10.958,12.011
2026-03-07_19-49-04,1,52,52,1.000008,1.000005,0.015000,13.048,10.958,12.011
2026-03-07_19-49-04,1,53,53,1.000008,1.000005,0.015000,13.048,10.958,12.011
2026-03-07_19-49-04,1,54,54,1.000008,1.000005,0.015000,13.048,10.958,12.011
2026-03-07_19-49-04,1,55,55,1.000008,1.000005,0.015000,13.048,10.958,12.011
2026-03-07_19-49-05,1,56,56,1.000008,1.000005,0.015000,13.048,10.958,12.011
2026-03-07_19-49-05,1,57,57,1.000008,1.000005,0.015000,13.048,10.958,12.011
2026-03-07_19-49-05,1,58,58,1.000008,1.000005,0.015000,13.048,10.958,12.011
2026-03-07_19-49-05,1,59,59,1.000008,1.000005,0.015000,13.048,10.958,12.011
2026-03-07_19-49-06,1,60,60,1.000008,1.000005,0.015000,13.048,10.958,12.011
2026-03-07_19-49-06,1,61,61,1.000008,1.000005,0.015000,13.048,10.958,12.011
2026-03-07_19-49-06,1,62,62,1.000008,1.000005,0.015000,13.048,10.958,12.011
2026-03-07_19-49-06,1,63,63,1.000008,1.000005,0.015000,13.048,10.958,12.011
2026-03-07_19-49-06,1,64,64,1.000008,1.000005,0.015000,13.048,10.958,12.011
2026-03-07_19-49-07,1,65,65,1.000008,1.000005,0.015000,13.048,10.958,12.011
2026-03-07_19-49-07,1,66,66,1.000009,1.000005,0.015000,13.048,10.958,12.011
2026-03-07_19-49-07,1,67,67,1.000009,1.000005,0.015000,13.048,10.958,12.011
2026-03-07_19-49-07,1,68,68,1.000009,1.000006,0.015000,13.048,10.958,12.011
2026-03-07_19-49-08,1,69,69,1.000009,1.000006,0.015000,13.048,10.974,12.011
2026-03-07_19-49-08,1,70,70,1.000009,1.000006,0.015000,13.048,10.975,12.011
2026-03-07_19-49-08,1,71,71,1.000009,1.000006,0.015000,13.048,11.014,12.011
2026-03-07_19-49-08,1,72,72,1.000009,1.000006,0.015000,13.048,11.014,12.011
2026-03-07_19-49-09,1,73,73,1.000009,1.000006,0.015000,13.048,11.014,12.011
2026-03-07_19-49-09,1,74,74,1.000009,1.000006,0.015000,13.048,11.018,12.011
2026-03-07_19-49-09,1,75,75,1.000009,1.000006,0.015000,13.048,11.018,12.011
2026-03-07_19-49-09,1,76,76,1.000009,1.000006,0.015000,13.048,11.004,12.011
2026-03-07_19-49-10,1,77,77,1.000009,1.000006,0.015000,13.048,11.004,12.011
2026-03-07_19-49-10,1,78,78,1.000009,1.000006,0.015000,13.048,11.004,12.011
2026-03-07_19-49-10,1,79,79,1.000009,1.000006,0.015000,13.048,11.004,12.011
2026-03-07_19-49-10,1,80,80,1.000009,1.000006,0.015000,13.048,11.003,12.011
2026-03-07_19-49-11,1,81,81,1.000010,1.000006,0.015000,13.048,11.003,12.011
2026-03-07_19-49-11,1,82,82,1.000010,1.000006,0.015000,13.048,11.003,12.011
2026-03-07_19-49-11,1,83,83,1.000010,1.000006,0.015000,13.048,11.003,12.011
2026-03-07_19-49-12,1,84,84,1.000010,1.000006,0.015000,13.048,11.003,12.011
2026-03-07_19-49-12,1,85,85,1.000010,1.000006,0.015000,13.048,11.003,12.011
2026-03-07_19-49-12,1,86,86,1.000010,1.000006,0.015000,13.048,11.003,12.011
2026-03-07_19-49-12,1,87,87,1.000010,1.000006,0.015000,13.048,11.003,12.011
2026-03-07_19-49-13,1,88,88,1.000010,1.000006,0.015000,13.048,11.003,12.011
2026-03-07_19-49-13,1,89,89,1.000010,1.000006,0.015000,13.048,11.002,12.011
2026-03-07_19-49-13,1,90,90,1.000010,1.000006,0.015000,13.048,10.990,12.011
2026-03-07_19-49-13,1,91,91,1.000010,1.000007,0.015000,13.048,10.990,12.011
2026-03-07_19-49-14,1,92,92,1.000010,1.000007,0.015000,13.048,10.990,12.011
2026-03-07_19-49-14,1,93,93,1.000010,1.000007,0.015000,13.048,10.990,12.011
2026-03-07_19-49-14,1,94,94,1.000010,1.000007,0.015000,13.048,10.990,12.011
2026-03-07_19-49-14,1,95,95,1.000010,1.000007,0.015000,13.048,10.990,12.011
2026-03-07_19-49-14,1,96,96,1.000011,1.000007,0.015000,13.048,10.990,12.011
2026-03-07_19-49-15,1,97,97,1.000011,1.000007,0.015000,13.048,10.990,12.011
2026-03-07_19-49-15,1,98,98,1.000011,1.000007,0.015000,13.048,10.990,12.011
2026-03-07_19-49-15,1,99,99,1.000011,1.000007,0.015000,13.048,10.990,12.011
2026-03-07_19-49-15,1,100,100,1.000011,1.000007,0.015000,13.048,10.990,12.011
2026-03-07_19-49-16,2,101,1,1.000011,1.000011,0.015000,13.049,10.996,9.711
2026-03-07_19-49-16,2,102,2,1.000011,1.000011,0.015000,13.049,10.996,9.711
2026-03-07_19-49-16,2,103,3,1.000011,1.000011,0.015000,13.049,10.996,9.711
2026-03-07_19-49-17,2,104,4,1.000011,1.000011,0.015000,13.049,10.996,9.711
2026-03-07_19-49-17,2,105,5,1.000011,1.000011,0.015000,13.049,10.996,9.711
2026-03-07_19-49-17,2,106,6,1.000011,1.000011,0.015000,13.049,10.996,9.711
2026-03-07_19-49-17,2,107,7,1.000011,1.000011,0.015000,13.049,10.995,9.715
2026-03-07_19-49-18,2,108,8,1.000011,1.000011,0.015000,13.049,10.995,9.715
2026-03-07_19-49-18,2,109,9,1.000011,1.000011,0.015000,13.049,10.995,9.715
2026-03-07_19-49-18,2,110,10,1.000011,1.000011,0.015000,13.049,10.995,9.715
2026-03-07_19-49-19,2,111,11,1.000011,1.000011,0.015000,13.049,10.994,9.796
2026-03-07_19-49-19,2,112,12,1.000011,1.000011,0.015000,13.049,10.994,9.796
2026-03-07_19-49-19,2,113,13,1.000011,1.000011,0.015000,13.049,10.994,9.796
2026-03-07_19-49-19,2,114,14,1.000012,1.000011,0.015000,13.049,10.994,9.796
2026-03-07_19-49-20,2,115,15,1.000012,1.000011,0.015000,13.049,10.994,9.796
2026-03-07_19-49-20,2,116,16,1.000012,1.000011,0.015000,13.049,10.994,9.796
2026-03-07_19-49-20,2,117,17,1.000012,1.000011,0.015000,13.049,10.994,9.796
2026-03-07_19-49-20,2,118,18,1.000012,1.000011,0.015000,13.049,10.994,9.796
2026-03-07_19-49-20,2,119,19,1.000012,1.000011,0.015000,13.049,10.994,9.796
2026-03-07_19-49-21,2,120,20,1.000012,1.000011,0.015000,13.049,10.990,9.796
2026-03-07_19-49-21,2,121,21,1.000012,1.000011,0.015000,13.049,10.990,9.796
2026-03-07_19-49-21,2,122,22,1.000012,1.000011,0.015000,13.049,10.990,9.796
2026-03-07_19-49-22,2,123,23,1.000012,1.000011,0.015000,13.049,11.010,9.803
2026-03-07_19-49-22,2,124,24,1.000012,1.000011,0.015000,13.049,11.010,9.803
2026-03-07_19-49-22,2,125,25,1.000012,1.000012,0.015000,13.049,11.010,9.803
2026-03-07_19-49-22,2,126,26,1.000012,1.000012,0.015000,13.049,11.010,9.803
2026-03-07_19-49-23,2,127,27,1.000012,1.000012,0.015000,13.049,11.010,9.803
2026-03-07_19-49-23,2,128,28,1.000012,1.000012,0.015000,13.049,11.010,9.803
2026-03-07_19-49-23,2,129,29,1.000012,1.000012,0.015000,13.049,11.010,9.803
2026-03-07_19-49-23,2,130,30,1.000013,1.000012,0.015000,13.049,11.010,9.803
2026-03-07_19-49-24,2,131,31,1.000012,1.000012,0.015000,13.049,11.010,9.803
2026-03-07_19-49-24,2,132,32,1.000013,1.000012,0.015000,13.049,11.010,9.803
2026-03-07_19-49-24,2,133,33,1.000013,1.000012,0.015000,13.049,11.010,9.803
2026-03-07_19-49-24,2,134,34,1.000013,1.000012,0.015000,13.049,11.010,9.803
2026-03-07_19-49-24,2,135,35,1.000013,1.000012,0.015000,13.049,11.010,9.803
2026-03-07_19-49-25,2,136,36,1.000013,1.000012,0.015000,13.049,11.010,9.803
2026-03-07_19-49-25,2,137,37,1.000013,1.000012,0.015000,13.049,11.010,9.803
2026-03-07_19-49-25,2,138,38,1.000013,1.000012,0.015000,13.049,11.010,9.803
2026-03-07_19-49-25,2,139,39,1.000013,1.000012,0.015000,13.049,11.010,9.803
2026-03-07_19-49-26,2,140,40,1.000013,1.000012,0.015000,13.049,11.010,9.803
2026-03-07_19-49-26,2,141,41,1.000013,1.000012,0.015000,13.049,11.010,9.803
2026-03-07_19-49-26,2,142,42,1.000013,1.000012,0.015000,13.049,11.010,9.803
2026-03-07_19-49-26,2,143,43,1.000013,1.000012,0.015000,13.049,11.010,9.803
2026-03-07_19-49-27,2,144,44,1.000013,1.000012,0.015000,13.049,11.010,9.803
2026-03-07_19-49-27,2,145,45,1.000013,1.000012,0.015000,13.049,11.010,9.803
2026-03-07_19-49-27,2,146,46,1.000013,1.000012,0.015000,13.049,11.010,9.803
2026-03-07_19-49-27,2,147,47,1.000013,1.000012,0.015000,13.049,11.010,9.803
2026-03-07_19-49-28,2,148,48,1.000013,1.000012,0.015000,13.049,11.010,9.803
2026-03-07_19-49-28,2,149,49,1.000014,1.000012,0.015000,13.049,11.010,9.803
2026-03-07_19-49-28,2,150,50,1.000014,1.000012,0.015000,13.049,11.010,9.803
2026-03-07_19-49-28,2,151,51,1.000014,1.000012,0.015000,13.049,11.010,9.803
2026-03-07_19-49-29,2,152,52,1.000014,1.000012,0.015000,13.049,11.010,9.803
2026-03-07_19-49-29,2,153,53,1.000014,1.000012,0.015000,13.049,11.010,9.803
2026-03-07_19-49-29,2,154,54,1.000014,1.000012,0.015000,13.049,11.010,9.803
2026-03-07_19-49-29,2,155,55,1.000014,1.000012,0.015000,13.049,11.010,9.803
2026-03-07_19-49-29,2,156,56,1.000014,1.000012,0.015000,13.049,11.010,9.803
2026-03-07_19-49-30,2,157,57,1.000014,1.000012,0.015000,13.049,11.010,9.803
2026-03-07_19-49-30,2,158,58,1.000014,1.000012,0.015000,13.049,11.010,9.803
2026-03-07_19-49-30,2,159,59,1.000014,1.000013,0.015000,13.049,11.010,9.803
2026-03-07_19-49-30,2,160,60,1.000014,1.000013,0.015000,13.049,11.010,9.803
2026-03-07_19-49-31,2,161,61,1.000014,1.000013,0.015000,13.049,11.010,9.803
2026-03-07_19-49-31,2,162,62,1.000014,1.000013,0.015000,13.049,11.010,9.803
2026-03-07_19-49-31,2,163,63,1.000014,1.000013,0.015000,13.049,11.010,9.803
2026-03-07_19-49-31,2,164,64,1.000015,1.000013,0.015000,13.049,11.010,9.803
2026-03-07_19-49-32,2,165,65,1.000015,1.000013,0.015000,13.049,11.010,9.842
2026-03-07_19-49-32,2,166,66,1.000015,1.000013,0.015000,13.049,11.010,9.842
2026-03-07_19-49-32,2,167,67,1.000015,1.000013,0.015000,13.049,11.010,9.842
2026-03-07_19-49-32,2,168,68,1.000015,1.000013,0.015000,13.049,11.010,9.842
2026-03-07_19-49-33,2,169,69,1.000015,1.000013,0.015000,13.049,11.010,9.842
2026-03-07_19-49-33,2,170,70,1.000015,1.000013,0.015000,13.049,11.010,9.842
2026-03-07_19-49-33,2,171,71,1.000015,1.000013,0.015000,13.049,11.010,9.842
2026-03-07_19-49-33,2,172,72,1.000015,1.000013,0.015000,13.049,11.010,9.842
2026-03-07_19-49-33,2,173,73,1.000015,1.000013,0.015000,13.049,11.010,9.842
2026-03-07_19-49-34,2,174,74,1.000015,1.000013,0.015000,13.049,11.010,9.842
2026-03-07_19-49-34,2,175,75,1.000015,1.000013,0.015000,13.049,11.010,9.842
2026-03-07_19-49-34,2,176,76,1.000015,1.000013,0.015000,13.049,11.010,9.842
2026-03-07_19-49-35,2,177,77,1.000015,1.000013,0.015000,13.049,11.010,9.842
2026-03-07_19-49-35,2,178,78,1.000015,1.000013,0.015000,13.049,11.010,9.842
2026-03-07_19-49-35,2,179,79,1.000015,1.000013,0.015000,13.049,11.010,9.842
2026-03-07_19-49-35,2,180,80,1.000015,1.000013,0.015000,13.049,11.010,9.842
2026-03-07_19-49-35,2,181,81,1.000015,1.000013,0.015000,13.049,11.010,9.842
2026-03-07_19-49-36,2,182,82,1.000015,1.000013,0.015000,13.049,11.010,9.842
2026-03-07_19-49-36,2,183,83,1.000016,1.000013,0.015000,13.049,11.010,9.842
2026-03-07_19-49-36,2,184,84,1.000015,1.000013,0.015000,13.049,11.010,9.842
2026-03-07_19-49-36,2,185,85,1.000015,1.000013,0.015000,13.049,11.010,9.842
2026-03-07_19-49-37,2,186,86,1.000015,1.000013,0.015000,13.049,11.010,9.842
2026-03-07_19-49-37,2,187,87,1.000015,1.000013,0.015000,13.049,11.010,9.842
2026-03-07_19-49-37,2,188,88,1.000016,1.000013,0.015000,13.049,11.010,9.842
2026-03-07_19-49-37,2,189,89,1.000016,1.000013,0.015000,13.049,11.010,9.842
2026-03-07_19-49-38,2,190,90,1.000016,1.000013,0.015000,13.049,11.010,9.842
2026-03-07_19-49-38,2,191,91,1.000016,1.000013,0.015000,13.049,11.010,9.842
2026-03-07_19-49-38,2,192,92,1.000016,1.000013,0.015000,13.049,11.010,9.842
2026-03-07_19-49-39,2,193,93,1.000016,1.000013,0.015000,13.049,11.010,9.842
2026-03-07_19-49-39,2,194,94,1.000016,1.000013,0.015000,13.049,11.010,9.842
2026-03-07_19-49-39,2,195,95,1.000016,1.000013,0.015000,13.049,11.010,9.842
2026-03-07_19-49-40,2,196,96,1.000016,1.000014,0.015000,13.049,11.010,9.842
2026-03-07_19-49-40,2,197,97,1.000016,1.000014,0.015000,13.049,11.010,9.842
2026-03-07_19-49-40,2,198,98,1.000016,1.000014,0.015000,13.049,11.010,9.842
2026-03-07_19-49-40,2,199,99,1.000016,1.000014,0.015000,13.049,11.010,9.842
2026-03-07_19-49-41,2,200,100,1.000016,1.000014,0.015000,13.049,11.010,9.842
2026-03-07_19-49-41,3,201,1,1.000016,1.000016,0.015000,13.049,11.015,8.818
2026-03-07_19-49-41,3,202,2,1.000016,1.000016,0.015000,13.049,11.015,8.818
2026-03-07_19-49-41,3,203,3,1.000016,1.000016,0.015000,13.049,11.015,8.818
2026-03-07_19-49-41,3,204,4,1.000016,1.000016,0.015000,13.049,11.015,9.005
2026-03-07_19-49-42,3,205,5,1.000017,1.000016,0.015000,13.049,11.015,9.005
2026-03-07_19-49-42,3,206,6,1.000016,1.000016,0.015000,13.049,11.015,9.005
2026-03-07_19-49-42,3,207,7,1.000017,1.000016,0.015000,13.049,11.015,9.655
2026-03-07_19-49-42,3,208,8,1.000017,1.000016,0.015000,13.049,11.015,9.655
2026-03-07_19-49-43,3,209,9,1.000017,1.000017,0.015000,13.049,11.015,9.743
2026-03-07_19-49-43,3,210,10,1.000017,1.000017,0.015000,13.049,11.015,9.743
2026-03-07_19-49-43,3,211,11,1.000017,1.000017,0.015000,13.049,11.014,9.743
2026-03-07_19-49-44,3,212,12,1.000017,1.000017,0.015000,13.049,11.014,9.743
2026-03-07_19-49-44,3,213,13,1.000017,1.000017,0.015000,13.049,11.014,9.743
2026-03-07_19-49-44,3,214,14,1.000017,1.000017,0.015000,13.049,11.014,9.743
2026-03-07_19-49-44,3,215,15,1.000017,1.000017,0.015000,13.049,11.014,9.743
2026-03-07_19-49-45,3,216,16,1.000017,1.000017,0.015000,13.049,11.014,9.756
2026-03-07_19-49-45,3,217,17,1.000017,1.000017,0.015000,13.049,11.014,9.756
2026-03-07_19-49-45,3,218,18,1.000017,1.000017,0.015000,13.049,11.014,9.756
2026-03-07_19-49-45,3,219,19,1.000017,1.000017,0.015000,13.049,11.014,9.756
2026-03-07_19-49-45,3,220,20,1.000017,1.000017,0.015000,13.049,11.014,9.756
2026-03-07_19-49-46,3,221,21,1.000018,1.000017,0.015000,13.049,11.010,9.772
2026-03-07_19-49-46,3,222,22,1.000017,1.000017,0.015000,13.049,11.010,9.772
2026-03-07_19-49-46,3,223,23,1.000017,1.000017,0.015000,13.049,11.010,9.772
2026-03-07_19-49-46,3,224,24,1.000017,1.000017,0.015000,13.049,11.010,9.772
2026-03-07_19-49-47,3,225,25,1.000017,1.000017,0.015000,13.049,11.010,9.772
2026-03-07_19-49-47,3,226,26,1.000018,1.000017,0.015000,13.049,11.010,9.819
2026-03-07_19-49-47,3,227,27,1.000017,1.000017,0.015000,13.049,11.010,9.819
2026-03-07_19-49-48,3,228,28,1.000017,1.000017,0.015000,13.049,11.010,9.819
2026-03-07_19-49-48,3,229,29,1.000017,1.000017,0.015000,13.049,11.010,9.819
2026-03-07_19-49-48,3,230,30,1.000017,1.000017,0.015000,13.049,11.010,9.819
2026-03-07_19-49-48,3,231,31,1.000017,1.000017,0.015000,13.049,11.010,9.819
2026-03-07_19-49-48,3,232,32,1.000018,1.000017,0.015000,13.049,11.010,9.819
2026-03-07_19-49-49,3,233,33,1.000018,1.000017,0.015000,13.049,11.010,9.819
2026-03-07_19-49-49,3,234,34,1.000017,1.000017,0.015000,13.049,11.010,9.819
2026-03-07_19-49-49,3,235,35,1.000018,1.000017,0.015000,13.049,11.010,9.819
2026-03-07_19-49-49,3,236,36,1.000018,1.000017,0.015000,13.049,11.010,9.819
2026-03-07_19-49-49,3,237,37,1.000018,1.000017,0.015000,13.049,11.010,9.819
2026-03-07_19-49-50,3,238,38,1.000018,1.000017,0.015000,13.049,11.010,9.819
2026-03-07_19-49-50,3,239,39,1.000018,1.000017,0.015000,13.049,11.010,9.819
2026-03-07_19-49-50,3,240,40,1.000018,1.000017,0.015000,13.049,11.010,9.819
2026-03-07_19-49-50,3,241,41,1.000018,1.000017,0.015000,13.049,11.010,9.819
2026-03-07_19-49-51,3,242,42,1.000018,1.000017,0.015000,13.049,11.010,9.819
2026-03-07_19-49-51,3,243,43,1.000018,1.000017,0.015000,13.049,11.010,9.819
2026-03-07_19-49-51,3,244,44,1.000018,1.000017,0.015000,13.049,11.010,9.819
2026-03-07_19-49-51,3,245,45,1.000018,1.000017,0.015000,13.049,11.010,9.819
2026-03-07_19-49-52,3,246,46,1.000018,1.000017,0.015000,13.049,11.010,9.819
2026-03-07_19-49-52,3,247,47,1.000018,1.000017,0.015000,13.049,11.010,9.819
2026-03-07_19-49-52,3,248,48,1.000018,1.000017,0.015000,13.049,11.010,9.819
2026-03-07_19-49-52,3,249,49,1.000018,1.000017,0.015000,13.049,11.010,9.819
2026-03-07_19-49-52,3,250,50,1.000018,1.000017,0.015000,13.049,11.010,9.819
2026-03-07_19-49-53,3,251,51,1.000018,1.000017,0.015000,13.049,11.010,9.819
2026-03-07_19-49-53,3,252,52,1.000018,1.000017,0.015000,13.049,11.010,9.819
2026-03-07_19-49-53,3,253,53,1.000018,1.000017,0.015000,13.049,11.010,9.819
2026-03-07_19-49-54,3,254,54,1.000018,1.000017,0.015000,13.049,11.010,9.819
2026-03-07_19-49-54,3,255,55,1.000018,1.000017,0.015000,13.049,11.010,9.819
2026-03-07_19-49-54,3,256,56,1.000018,1.000017,0.015000,13.049,11.010,9.819
2026-03-07_19-49-54,3,257,57,1.000018,1.000017,0.015000,13.049,11.010,9.819
2026-03-07_19-49-55,3,258,58,1.000018,1.000017,0.015000,13.049,11.010,9.819
2026-03-07_19-49-55,3,259,59,1.000018,1.000017,0.015000,13.049,11.010,9.819
2026-03-07_19-49-55,3,260,60,1.000018,1.000017,0.015000,13.049,11.010,9.819
2026-03-07_19-49-55,3,261,61,1.000018,1.000017,0.015000,13.049,11.010,9.819
2026-03-07_19-49-56,3,262,62,1.000018,1.000017,0.015000,13.049,11.010,9.819
2026-03-07_19-49-56,3,263,63,1.000018,1.000017,0.015000,13.049,11.010,9.819
2026-03-07_19-49-56,3,264,64,1.000018,1.000017,0.015000,13.049,11.010,9.819
2026-03-07_19-49-56,3,265,65,1.000018,1.000017,0.015000,13.049,11.010,9.819
2026-03-07_19-49-56,3,266,66,1.000018,1.000018,0.015000,13.049,11.010,9.819
2026-03-07_19-49-57,3,267,67,1.000018,1.000018,0.015000,13.049,11.010,9.819
2026-03-07_19-49-57,3,268,68,1.000018,1.000018,0.015000,13.049,11.010,9.819
2026-03-07_19-49-57,3,269,69,1.000019,1.000018,0.015000,13.049,11.010,9.819
2026-03-07_19-49-57,3,270,70,1.000019,1.000018,0.015000,13.049,11.010,9.819
2026-03-07_19-49-58,3,271,71,1.000018,1.000018,0.015000,13.049,11.010,9.819
2026-03-07_19-49-58,3,272,72,1.000019,1.000018,0.015000,13.049,11.010,9.819
2026-03-07_19-49-58,3,273,73,1.000018,1.000018,0.015000,13.049,11.010,9.819
2026-03-07_19-49-58,3,274,74,1.000019,1.000018,0.015000,13.049,11.010,9.819
2026-03-07_19-49-59,3,275,75,1.000019,1.000018,0.015000,13.049,11.010,9.819
2026-03-07_19-49-59,3,276,76,1.000019,1.000018,0.015000,13.049,11.009,9.819
2026-03-07_19-49-59,3,277,77,1.000019,1.000018,0.015000,13.049,11.009,9.819
2026-03-07_19-50-00,3,278,78,1.000019,1.000018,0.015000,13.049,11.009,9.819
2026-03-07_19-50-00,3,279,79,1.000019,1.000018,0.015000,13.049,11.009,9.819
2026-03-07_19-50-00,3,280,80,1.000019,1.000018,0.015000,13.049,11.009,9.819
2026-03-07_19-50-00,3,281,81,1.000019,1.000018,0.015000,13.049,11.009,9.819
2026-03-07_19-50-00,3,282,82,1.000019,1.000018,0.015000,13.049,11.009,9.819
2026-03-07_19-50-01,3,283,83,1.000019,1.000018,0.015000,13.049,11.008,9.819
2026-03-07_19-50-01,3,284,84,1.000019,1.000018,0.015000,13.049,11.008,9.819
2026-03-07_19-50-01,3,285,85,1.000019,1.000018,0.015000,13.049,11.008,9.819
2026-03-07_19-50-01,3,286,86,1.000019,1.000018,0.015000,13.049,11.008,9.819
2026-03-07_19-50-02,3,287,87,1.000019,1.000018,0.015000,13.049,11.008,9.819
2026-03-07_19-50-02,3,288,88,1.000019,1.000018,0.015000,13.049,11.008,9.819
2026-03-07_19-50-02,3,289,89,1.000019,1.000018,0.015000,13.049,11.008,9.819
2026-03-07_19-50-02,3,290,90,1.000019,1.000018,0.015000,13.049,11.008,9.819
2026-03-07_19-50-03,3,291,91,1.000019,1.000018,0.015000,13.049,11.008,9.819
2026-03-07_19-50-03,3,292,92,1.000019,1.000018,0.015000,13.049,11.008,9.819
2026-03-07_19-50-03,3,293,93,1.000019,1.000018,0.015000,13.049,11.008,9.819
2026-03-07_19-50-03,3,294,94,1.000019,1.000018,0.015000,13.049,11.008,9.819
2026-03-07_19-50-04,3,295,95,1.000019,1.000018,0.015000,13.049,11.008,9.819
2026-03-07_19-50-04,3,296,96,1.000020,1.000018,0.015000,13.049,11.008,9.819
2026-03-07_19-50-04,3,297,97,1.000020,1.000018,0.015000,13.049,11.008,9.819
2026-03-07_19-50-04,3,298,98,1.000020,1.000018,0.015000,13.049,11.008,9.819
2026-03-07_19-50-05,3,299,99,1.000019,1.000018,0.015000,13.049,11.008,9.819
2026-03-07_19-50-05,3,300,100,1.000020,1.000018,0.015000,13.049,11.008,9.819
2026-03-07_19-50-05,4,301,1,1.000020,1.000020,0.015000,13.049,11.013,9.191
2026-03-07_19-50-05,4,302,2,1.000019,1.000019,0.015000,13.049,11.013,9.191
2026-03-07_19-50-06,4,303,3,1.000020,1.000020,0.015000,13.049,11.013,9.191
2026-03-07_19-50-06,4,304,4,1.000020,1.000020,0.015000,13.049,11.013,9.191
2026-03-07_19-50-06,4,305,5,1.000020,1.000020,0.015000,13.049,11.013,9.191
2026-03-07_19-50-06,4,306,6,1.000020,1.000020,0.015000,13.049,11.012,9.636
2026-03-07_19-50-07,4,307,7,1.000020,1.000020,0.015000,13.049,11.012,9.705
2026-03-07_19-50-07,4,308,8,1.000020,1.000020,0.015000,13.049,11.012,9.723
2026-03-07_19-50-07,4,309,9,1.000020,1.000020,0.015000,13.049,11.012,9.723
2026-03-07_19-50-08,4,310,10,1.000020,1.000020,0.015000,13.049,11.012,9.723
2026-03-07_19-50-08,4,311,11,1.000020,1.000020,0.015000,13.049,11.012,9.723
2026-03-07_19-50-08,4,312,12,1.000020,1.000020,0.015000,13.049,11.012,9.723
2026-03-07_19-50-08,4,313,13,1.000020,1.000020,0.015000,13.049,11.012,9.723
2026-03-07_19-50-09,4,314,14,1.000020,1.000020,0.015000,13.049,11.012,9.723
2026-03-07_19-50-09,4,315,15,1.000020,1.000020,0.015000,13.049,11.012,9.723
2026-03-07_19-50-09,4,316,16,1.000020,1.000020,0.015000,13.049,11.012,9.723
2026-03-07_19-50-09,4,317,17,1.000021,1.000020,0.015000,13.049,11.012,9.723
2026-03-07_19-50-10,4,318,18,1.000020,1.000020,0.015000,13.049,11.012,9.723
2026-03-07_19-50-10,4,319,19,1.000021,1.000020,0.015000,13.049,11.012,9.723
2026-03-07_19-50-10,4,320,20,1.000020,1.000020,0.015000,13.049,11.012,9.723
2026-03-07_19-50-10,4,321,21,1.000021,1.000020,0.015000,13.049,11.008,9.723
2026-03-07_19-50-10,4,322,22,1.000020,1.000020,0.015000,13.049,11.008,9.723
2026-03-07_19-50-11,4,323,23,1.000020,1.000020,0.015000,13.049,11.008,9.723
2026-03-07_19-50-11,4,324,24,1.000021,1.000020,0.015000,13.049,11.008,9.723
2026-03-07_19-50-11,4,325,25,1.000020,1.000020,0.015000,13.049,11.008,9.723
2026-03-07_19-50-11,4,326,26,1.000021,1.000020,0.015000,13.049,11.008,9.723
2026-03-07_19-50-12,4,327,27,1.000021,1.000020,0.015000,13.049,11.008,9.723
2026-03-07_19-50-12,4,328,28,1.000021,1.000020,0.015000,13.049,11.008,9.803
2026-03-07_19-50-12,4,329,29,1.000021,1.000020,0.015000,13.049,11.008,9.803
2026-03-07_19-50-12,4,330,30,1.000021,1.000020,0.015000,13.049,11.008,9.803
2026-03-07_19-50-13,4,331,31,1.000021,1.000020,0.015000,13.049,11.008,9.803
2026-03-07_19-50-13,4,332,32,1.000021,1.000020,0.015000,13.049,11.008,9.803
2026-03-07_19-50-13,4,333,33,1.000021,1.000020,0.015000,13.049,11.008,9.803
2026-03-07_19-50-13,4,334,34,1.000021,1.000020,0.015000,13.049,11.008,9.803
2026-03-07_19-50-13,4,335,35,1.000021,1.000020,0.015000,13.049,11.008,9.803
2026-03-07_19-50-14,4,336,36,1.000021,1.000020,0.015000,13.049,11.008,9.803
2026-03-07_19-50-14,4,337,37,1.000021,1.000020,0.015000,13.049,11.008,9.803
2026-03-07_19-50-14,4,338,38,1.000021,1.000020,0.015000,13.049,11.008,9.803
2026-03-07_19-50-14,4,339,39,1.000021,1.000020,0.015000,13.049,11.008,9.803
2026-03-07_19-50-15,4,340,40,1.000021,1.000020,0.015000,13.049,11.008,9.803
2026-03-07_19-50-15,4,341,41,1.000021,1.000020,0.015000,13.049,11.008,9.803
2026-03-07_19-50-15,4,342,42,1.000022,1.000020,0.015000,13.049,11.008,9.803
2026-03-07_19-50-15,4,343,43,1.000021,1.000021,0.015000,13.049,11.008,9.803
2026-03-07_19-50-15,4,344,44,1.000022,1.000021,0.015000,13.049,11.008,9.803
2026-03-07_19-50-16,4,345,45,1.000022,1.000021,0.015000,13.049,11.008,9.803
2026-03-07_19-50-16,4,346,46,1.000021,1.000021,0.015000,13.049,11.008,9.803
2026-03-07_19-50-16,4,347,47,1.000022,1.000021,0.015000,13.049,11.008,9.803
2026-03-07_19-50-16,4,348,48,1.000022,1.000021,0.015000,13.049,11.008,9.803
2026-03-07_19-50-17,4,349,49,1.000021,1.000021,0.015000,13.049,11.008,9.803
2026-03-07_19-50-17,4,350,50,1.000022,1.000021,0.015000,13.049,11.008,9.803
2026-03-07_19-50-17,4,351,51,1.000021,1.000021,0.015000,13.049,11.008,9.803
2026-03-07_19-50-17,4,352,52,1.000022,1.000021,0.015000,13.049,11.008,9.803
2026-03-07_19-50-17,4,353,53,1.000022,1.000021,0.015000,13.049,11.008,9.803
2026-03-07_19-50-18,4,354,54,1.000022,1.000021,0.015000,13.049,11.008,9.803
2026-03-07_19-50-18,4,355,55,1.000022,1.000021,0.015000,13.049,11.008,9.803
2026-03-07_19-50-18,4,356,56,1.000022,1.000021,0.015000,13.049,11.008,9.803
2026-03-07_19-50-18,4,357,57,1.000022,1.000021,0.015000,13.049,11.008,9.803
2026-03-07_19-50-19,4,358,58,1.000022,1.000021,0.015000,13.049,11.008,9.803
2026-03-07_19-50-19,4,359,59,1.000022,1.000021,0.015000,13.049,11.008,9.803
2026-03-07_19-50-19,4,360,60,1.000022,1.000021,0.015000,13.049,11.008,9.803
2026-03-07_19-50-19,4,361,61,1.000022,1.000021,0.015000,13.049,11.008,9.803
2026-03-07_19-50-20,4,362,62,1.000022,1.000021,0.015000,13.049,11.008,9.803
2026-03-07_19-50-20,4,363,63,1.000022,1.000021,0.015000,13.049,11.008,9.803
2026-03-07_19-50-20,4,364,64,1.000022,1.000021,0.015000,13.049,11.008,9.803
2026-03-07_19-50-20,4,365,65,1.000022,1.000021,0.015000,13.049,11.008,9.803
2026-03-07_19-50-21,4,366,66,1.000022,1.000021,0.015000,13.049,11.008,9.803
2026-03-07_19-50-21,4,367,67,1.000022,1.000021,0.015000,13.049,11.008,9.803
2026-03-07_19-50-21,4,368,68,1.000023,1.000021,0.015000,13.049,11.008,9.803
2026-03-07_19-50-22,4,369,69,1.000022,1.000021,0.015000,13.049,11.008,9.803
2026-03-07_19-50-22,4,370,70,1.000023,1.000021,0.015000,13.049,11.008,9.803
2026-03-07_19-50-22,4,371,71,1.000022,1.000021,0.015000,13.049,11.008,9.803
2026-03-07_19-50-22,4,372,72,1.000022,1.000021,0.015000,13.049,11.008,9.803
2026-03-07_19-50-22,4,373,73,1.000023,1.000021,0.015000,13.049,11.008,9.803
2026-03-07_19-50-23,4,374,74,1.000022,1.000021,0.015000,13.049,11.008,9.803
2026-03-07_19-50-23,4,375,75,1.000023,1.000021,0.015000,13.049,11.008,9.803
2026-03-07_19-50-23,4,376,76,1.000022,1.000021,0.015000,13.049,11.008,9.803
2026-03-07_19-50-24,4,377,77,1.000023,1.000021,0.015000,13.049,11.008,9.803
2026-03-07_19-50-24,4,378,78,1.000023,1.000021,0.015000,13.049,11.008,9.803
2026-03-07_19-50-24,4,379,79,1.000023,1.000021,0.015000,13.049,11.008,9.803
2026-03-07_19-50-24,4,380,80,1.000023,1.000021,0.015000,13.049,11.008,9.803
2026-03-07_19-50-24,4,381,81,1.000023,1.000021,0.015000,13.049,11.008,9.803
2026-03-07_19-50-25,4,382,82,1.000023,1.000021,0.015000,13.049,11.008,9.803
2026-03-07_19-50-25,4,383,83,1.000023,1.000021,0.015000,13.049,11.008,9.803
2026-03-07_19-50-25,4,384,84,1.000023,1.000021,0.015000,13.049,11.008,9.803
2026-03-07_19-50-25,4,385,85,1.000023,1.000021,0.015000,13.049,11.008,9.803
2026-03-07_19-50-26,4,386,86,1.000023,1.000021,0.015000,13.049,11.008,9.803
2026-03-07_19-50-26,4,387,87,1.000024,1.000021,0.015000,13.049,11.008,9.803
2026-03-07_19-50-26,4,388,88,1.000023,1.000021,0.015000,13.049,11.008,9.803
2026-03-07_19-50-26,4,389,89,1.000023,1.000021,0.015000,13.049,11.008,9.803
2026-03-07_19-50-27,4,390,90,1.000023,1.000021,0.015000,13.049,11.008,9.803
2026-03-07_19-50-27,4,391,91,1.000023,1.000021,0.015000,13.049,11.008,9.803
2026-03-07_19-50-27,4,392,92,1.000023,1.000022,0.015000,13.049,11.008,9.803
2026-03-07_19-50-27,4,393,93,1.000023,1.000022,0.015000,13.049,11.008,9.803
2026-03-07_19-50-27,4,394,94,1.000024,1.000022,0.015000,13.049,11.008,9.803
2026-03-07_19-50-28,4,395,95,1.000023,1.000022,0.015000,13.049,11.008,9.803
2026-03-07_19-50-28,4,396,96,1.000023,1.000022,0.015000,13.049,11.008,9.803
2026-03-07_19-50-28,4,397,97,1.000024,1.000022,0.015000,13.049,11.008,9.803
2026-03-07_19-50-28,4,398,98,1.000024,1.000022,0.015000,13.049,11.008,9.803
2026-03-07_19-50-29,4,399,99,1.000024,1.000022,0.015000,13.050,11.008,9.803
2026-03-07_19-50-29,4,400,100,1.000023,1.000022,0.015000,13.050,11.008,9.803
2026-03-07_19-50-29,5,401,1,1.000023,1.000023,0.015000,13.050,11.013,9.719
2026-03-07_19-50-30,5,402,2,1.000024,1.000023,0.015000,13.050,11.013,9.771
2026-03-07_19-50-30,5,403,3,1.000023,1.000023,0.015000,13.050,11.013,9.771
2026-03-07_19-50-30,5,404,4,1.000024,1.000023,0.015000,13.050,11.013,9.771
2026-03-07_19-50-30,5,405,5,1.000024,1.000024,0.015000,13.050,11.013,9.771
2026-03-07_19-50-31,5,406,6,1.000024,1.000024,0.015000,13.050,11.013,9.771
2026-03-07_19-50-31,5,407,7,1.000024,1.000024,0.015000,13.050,11.013,9.771
2026-03-07_19-50-31,5,408,8,1.000024,1.000024,0.015000,13.050,11.013,9.771
2026-03-07_19-50-31,5,409,9,1.000024,1.000024,0.015000,13.050,11.012,9.771
2026-03-07_19-50-32,5,410,10,1.000025,1.000024,0.015000,13.050,11.012,9.790
2026-03-07_19-50-32,5,411,11,1.000023,1.000024,0.015000,13.050,11.012,9.790
2026-03-07_19-50-32,5,412,12,1.000024,1.000024,0.015000,13.050,11.012,9.790
2026-03-07_19-50-32,5,413,13,1.000023,1.000024,0.015000,13.050,11.012,9.790
2026-03-07_19-50-33,5,414,14,1.000023,1.000024,0.015000,13.050,11.012,9.790
2026-03-07_19-50-33,5,415,15,1.000024,1.000024,0.015000,13.050,11.012,9.790
2026-03-07_19-50-33,5,416,16,1.000024,1.000024,0.015000,13.050,11.012,9.790
2026-03-07_19-50-34,5,417,17,1.000024,1.000024,0.015000,13.050,11.012,9.802
2026-03-07_19-50-34,5,418,18,1.000024,1.000024,0.015000,13.050,11.008,9.802
2026-03-07_19-50-34,5,419,19,1.000023,1.000024,0.015000,13.050,11.008,9.802
2026-03-07_19-50-34,5,420,20,1.000024,1.000024,0.015000,13.050,11.008,9.802
2026-03-07_19-50-34,5,421,21,1.000024,1.000024,0.015000,13.050,11.008,9.802
2026-03-07_19-50-35,5,422,22,1.000024,1.000024,0.015000,13.050,11.008,9.802
2026-03-07_19-50-35,5,423,23,1.000024,1.000024,0.015000,13.050,11.008,9.802
2026-03-07_19-50-35,5,424,24,1.000024,1.000024,0.015000,13.050,11.008,9.802
2026-03-07_19-50-35,5,425,25,1.000024,1.000024,0.015000,13.050,11.008,9.802
2026-03-07_19-50-35,5,426,26,1.000024,1.000024,0.015000,13.050,11.008,9.802
2026-03-07_19-50-36,5,427,27,1.000024,1.000024,0.015000,13.050,11.008,9.802
2026-03-07_19-50-36,5,428,28,1.000024,1.000024,0.015000,13.050,11.008,9.802
2026-03-07_19-50-36,5,429,29,1.000024,1.000024,0.015000,13.050,11.008,9.802
2026-03-07_19-50-36,5,430,30,1.000024,1.000024,0.015000,13.050,11.008,9.802
2026-03-07_19-50-36,5,431,31,1.000024,1.000024,0.015000,13.050,11.008,9.802
2026-03-07_19-50-37,5,432,32,1.000024,1.000024,0.015000,13.050,11.008,9.802
2026-03-07_19-50-37,5,433,33,1.000024,1.000024,0.015000,13.050,11.008,9.802
2026-03-07_19-50-37,5,434,34,1.000025,1.000024,0.015000,13.050,11.008,9.802
2026-03-07_19-50-37,5,435,35,1.000025,1.000024,0.015000,13.050,11.008,9.802
2026-03-07_19-50-38,5,436,36,1.000024,1.000024,0.015000,13.050,11.008,9.802
2026-03-07_19-50-38,5,437,37,1.000025,1.000024,0.015000,13.050,11.008,9.802
2026-03-07_19-50-38,5,438,38,1.000025,1.000024,0.015000,13.050,11.008,9.802
2026-03-07_19-50-38,5,439,39,1.000025,1.000024,0.015000,13.050,11.008,9.802
2026-03-07_19-50-39,5,440,40,1.000025,1.000024,0.015000,13.050,11.008,9.802
2026-03-07_19-50-39,5,441,41,1.000025,1.000024,0.015000,13.050,11.008,9.802
2026-03-07_19-50-39,5,442,42,1.000025,1.000024,0.015000,13.050,11.008,9.802
2026-03-07_19-50-39,5,443,43,1.000025,1.000024,0.015000,13.050,11.008,9.802
2026-03-07_19-50-40,5,444,44,1.000024,1.000024,0.015000,13.050,11.008,9.802
2026-03-07_19-50-40,5,445,45,1.000025,1.000024,0.015000,13.050,11.008,9.802
2026-03-07_19-50-40,5,446,46,1.000025,1.000024,0.015000,13.050,11.008,9.802
2026-03-07_19-50-40,5,447,47,1.000025,1.000024,0.015000,13.050,11.008,9.802
2026-03-07_19-50-41,5,448,48,1.000025,1.000024,0.015000,13.050,11.008,9.802
2026-03-07_19-50-41,5,449,49,1.000025,1.000024,0.015000,13.050,11.008,9.802
2026-03-07_19-50-41,5,450,50,1.000026,1.000024,0.015000,13.050,11.008,9.802
2026-03-07_19-50-41,5,451,51,1.000025,1.000024,0.015000,13.050,11.008,9.802
2026-03-07_19-50-42,5,452,52,1.000025,1.000024,0.015000,13.050,11.008,9.802
2026-03-07_19-50-42,5,453,53,1.000026,1.000024,0.015000,13.050,11.008,9.802
2026-03-07_19-50-42,5,454,54,1.000026,1.000024,0.015000,13.050,11.008,9.802
2026-03-07_19-50-42,5,455,55,1.000026,1.000024,0.015000,13.050,11.008,9.802
2026-03-07_19-50-42,5,456,56,1.000025,1.000024,0.015000,13.050,11.008,9.802
2026-03-07_19-50-43,5,457,57,1.000026,1.000024,0.015000,13.050,11.008,9.802
2026-03-07_19-50-43,5,458,58,1.000025,1.000024,0.015000,13.050,11.008,9.802
2026-03-07_19-50-43,5,459,59,1.000026,1.000024,0.015000,13.050,11.008,9.802
2026-03-07_19-50-44,5,460,60,1.000026,1.000024,0.015000,13.050,11.008,9.802
2026-03-07_19-50-44,5,461,61,1.000026,1.000025,0.015000,13.050,11.008,9.802
2026-03-07_19-50-44,5,462,62,1.000026,1.000025,0.015000,13.050,11.008,9.802
2026-03-07_19-50-45,5,463,63,1.000026,1.000025,0.015000,13.050,11.008,9.802
2026-03-07_19-50-45,5,464,64,1.000026,1.000025,0.015000,13.050,11.008,9.802
2026-03-07_19-50-45,5,465,65,1.000026,1.000025,0.015000,13.050,11.008,9.802
2026-03-07_19-50-45,5,466,66,1.000026,1.000025,0.015000,13.050,11.008,9.802
2026-03-07_19-50-46,5,467,67,1.000026,1.000025,0.015000,13.050,11.008,9.802
2026-03-07_19-50-46,5,468,68,1.000026,1.000025,0.015000,13.050,11.008,9.802
2026-03-07_19-50-46,5,469,69,1.000026,1.000025,0.015000,13.050,11.008,9.802
2026-03-07_19-50-46,5,470,70,1.000026,1.000025,0.015000,13.050,11.008,9.802
2026-03-07_19-50-46,5,471,71,1.000026,1.000025,0.015000,13.050,11.008,9.802
2026-03-07_19-50-47,5,472,72,1.000026,1.000025,0.015000,13.050,11.008,9.802
2026-03-07_19-50-47,5,473,73,1.000026,1.000025,0.015000,13.050,11.008,9.802
2026-03-07_19-50-47,5,474,74,1.000026,1.000025,0.015000,13.050,11.008,9.802
2026-03-07_19-50-47,5,475,75,1.000026,1.000025,0.015000,13.050,11.008,9.802
2026-03-07_19-50-48,5,476,76,1.000027,1.000025,0.015000,13.050,11.008,9.802
2026-03-07_19-50-48,5,477,77,1.000026,1.000025,0.015000,13.050,11.008,9.802
2026-03-07_19-50-48,5,478,78,1.000027,1.000025,0.015000,13.050,11.008,9.802
2026-03-07_19-50-48,5,479,79,1.000026,1.000025,0.015000,13.050,11.008,9.802
2026-03-07_19-50-49,5,480,80,1.000026,1.000025,0.015000,13.050,11.008,9.802
2026-03-07_19-50-49,5,481,81,1.000027,1.000025,0.015000,13.050,11.008,9.802
2026-03-07_19-50-49,5,482,82,1.000026,1.000025,0.015000,13.050,11.008,9.802
2026-03-07_19-50-49,5,483,83,1.000026,1.000025,0.015000,13.050,11.008,9.802
2026-03-07_19-50-50,5,484,84,1.000027,1.000025,0.015000,13.050,11.008,9.802
2026-03-07_19-50-50,5,485,85,1.000027,1.000025,0.015000,13.050,11.008,9.802
2026-03-07_19-50-50,5,486,86,1.000026,1.000025,0.015000,13.050,11.008,9.802
2026-03-07_19-50-50,5,487,87,1.000026,1.000025,0.015000,13.050,11.008,9.802
2026-03-07_19-50-51,5,488,88,1.000026,1.000025,0.015000,13.050,11.008,9.802
2026-03-07_19-50-51,5,489,89,1.000026,1.000025,0.015000,13.050,11.008,9.802
2026-03-07_19-50-51,5,490,90,1.000026,1.000025,0.015000,13.050,11.008,9.802
2026-03-07_19-50-51,5,491,91,1.000027,1.000025,0.015000,13.050,11.008,9.802
2026-03-07_19-50-52,5,492,92,1.000026,1.000025,0.015000,13.050,11.008,9.802
2026-03-07_19-50-52,5,493,93,1.000026,1.000025,0.015000,13.050,11.008,9.802
2026-03-07_19-50-52,5,494,94,1.000027,1.000025,0.015000,13.050,11.008,9.802
2026-03-07_19-50-52,5,495,95,1.000027,1.000025,0.015000,13.050,11.008,9.802
2026-03-07_19-50-53,5,496,96,1.000026,1.000025,0.015000,13.050,11.008,9.802
2026-03-07_19-50-53,5,497,97,1.000027,1.000025,0.015000,13.050,11.008,9.802
2026-03-07_19-50-53,5,498,98,1.000026,1.000025,0.015000,13.050,11.008,9.802
2026-03-07_19-50-53,5,499,99,1.000028,1.000025,0.015000,13.050,11.008,9.802
2026-03-07_19-50-54,5,500,100,1.000027,1.000025,0.015000,13.050,11.008,9.802
2026-03-07_19-50-54,6,501,1,1.000027,1.000027,0.015000,13.050,11.013,9.682
2026-03-07_19-50-54,6,502,2,1.000027,1.000027,0.015000,13.050,11.013,9.682
2026-03-07_19-50-54,6,503,3,1.000027,1.000027,0.015000,13.050,11.013,9.682
2026-03-07_19-50-55,6,504,4,1.000027,1.000027,0.015000,13.050,11.013,9.682
2026-03-07_19-50-55,6,505,5,1.000027,1.000027,0.015000,13.050,11.013,9.682
2026-03-07_19-50-55,6,506,6,1.000027,1.000027,0.015000,13.050,11.013,9.682
2026-03-07_19-50-56,6,507,7,1.000028,1.000027,0.015000,13.050,11.012,9.740
2026-03-07_19-50-56,6,508,8,1.000027,1.000027,0.015000,13.050,11.012,9.740
2026-03-07_19-50-56,6,509,9,1.000027,1.000027,0.015000,13.050,11.012,9.740
2026-03-07_19-50-56,6,510,10,1.000027,1.000027,0.015000,13.050,11.012,9.740
2026-03-07_19-50-57,6,511,11,1.000027,1.000027,0.015000,13.050,11.012,9.740
2026-03-07_19-50-57,6,512,12,1.000027,1.000027,0.015000,13.050,11.012,9.740
2026-03-07_19-50-57,6,513,13,1.000027,1.000027,0.015000,13.050,11.012,9.740
2026-03-07_19-50-57,6,514,14,1.000027,1.000027,0.015000,13.050,11.012,9.740
2026-03-07_19-50-58,6,515,15,1.000027,1.000027,0.015000,13.050,11.012,9.740
2026-03-07_19-50-58,6,516,16,1.000027,1.000027,0.015000,13.050,11.012,9.740
2026-03-07_19-50-58,6,517,17,1.000027,1.000027,0.015000,13.050,11.012,9.740
2026-03-07_19-50-58,6,518,18,1.000027,1.000027,0.015000,13.050,11.012,9.740
2026-03-07_19-50-58,6,519,19,1.000028,1.000027,0.015000,13.050,11.012,9.773
2026-03-07_19-50-59,6,520,20,1.000027,1.000027,0.015000,13.050,11.012,9.773
2026-03-07_19-50-59,6,521,21,1.000027,1.000027,0.015000,13.050,11.008,9.773
2026-03-07_19-50-59,6,522,22,1.000027,1.000027,0.015000,13.050,11.008,9.773
2026-03-07_19-50-59,6,523,23,1.000027,1.000027,0.015000,13.050,11.008,9.773
2026-03-07_19-51-00,6,524,24,1.000027,1.000027,0.015000,13.050,11.008,9.773
2026-03-07_19-51-00,6,525,25,1.000028,1.000027,0.015000,13.050,11.008,9.773
2026-03-07_19-51-00,6,526,26,1.000028,1.000027,0.015000,13.050,11.008,9.773
2026-03-07_19-51-00,6,527,27,1.000027,1.000027,0.015000,13.050,11.008,9.773
2026-03-07_19-51-01,6,528,28,1.000028,1.000027,0.015000,13.050,11.008,9.816
2026-03-07_19-51-01,6,529,29,1.000028,1.000027,0.015000,13.050,11.008,9.816
2026-03-07_19-51-02,6,530,30,1.000028,1.000027,0.015000,13.050,11.008,9.816
2026-03-07_19-51-02,6,531,31,1.000027,1.000027,0.015000,13.050,11.008,9.816
2026-03-07_19-51-02,6,532,32,1.000027,1.000027,0.015000,13.050,11.008,9.816
2026-03-07_19-51-02,6,533,33,1.000028,1.000027,0.015000,13.050,11.008,9.816
2026-03-07_19-51-03,6,534,34,1.000028,1.000027,0.015000,13.050,11.008,9.816
2026-03-07_19-51-03,6,535,35,1.000028,1.000027,0.015000,13.050,11.008,9.816
2026-03-07_19-51-03,6,536,36,1.000028,1.000027,0.015000,13.050,11.008,9.816
2026-03-07_19-51-03,6,537,37,1.000029,1.000027,0.015000,13.050,11.008,9.816
2026-03-07_19-51-04,6,538,38,1.000028,1.000027,0.015000,13.050,11.008,9.816
2026-03-07_19-51-04,6,539,39,1.000028,1.000027,0.015000,13.050,11.008,9.816
2026-03-07_19-51-04,6,540,40,1.000028,1.000027,0.015000,13.050,11.008,9.816
2026-03-07_19-51-04,6,541,41,1.000028,1.000027,0.015000,13.050,11.008,9.816
2026-03-07_19-51-04,6,542,42,1.000028,1.000027,0.015000,13.050,11.008,9.816
2026-03-07_19-51-05,6,543,43,1.000028,1.000027,0.015000,13.050,11.008,9.816
2026-03-07_19-51-05,6,544,44,1.000028,1.000027,0.015000,13.050,11.008,9.816
2026-03-07_19-51-05,6,545,45,1.000028,1.000027,0.015000,13.050,11.008,9.816
2026-03-07_19-51-05,6,546,46,1.000028,1.000027,0.015000,13.050,11.008,9.816
2026-03-07_19-51-06,6,547,47,1.000028,1.000027,0.015000,13.050,11.008,9.816
2026-03-07_19-51-06,6,548,48,1.000028,1.000027,0.015000,13.050,11.008,9.816
2026-03-07_19-51-06,6,549,49,1.000028,1.000027,0.015000,13.050,11.008,9.816
2026-03-07_19-51-06,6,550,50,1.000029,1.000027,0.015000,13.050,11.008,9.816
2026-03-07_19-51-06,6,551,51,1.000028,1.000028,0.015000,13.050,11.008,9.816
2026-03-07_19-51-07,6,552,52,1.000028,1.000028,0.015000,13.050,11.008,9.816
2026-03-07_19-51-07,6,553,53,1.000028,1.000028,0.015000,13.050,11.008,9.816
2026-03-07_19-51-07,6,554,54,1.000028,1.000028,0.015000,13.050,11.008,9.816
2026-03-07_19-51-07,6,555,55,1.000028,1.000028,0.015000,13.050,11.008,9.816
2026-03-07_19-51-08,6,556,56,1.000028,1.000028,0.015000,13.050,11.008,9.816
2026-03-07_19-51-08,6,557,57,1.000029,1.000028,0.015000,13.050,11.008,9.816
2026-03-07_19-51-08,6,558,58,1.000030,1.000028,0.015000,13.050,11.008,9.816
2026-03-07_19-51-09,6,559,59,1.000029,1.000028,0.015000,13.050,11.029,9.816
2026-03-07_19-51-09,6,560,60,1.000028,1.000028,0.015000,13.050,11.029,9.816
2026-03-07_19-51-09,6,561,61,1.000029,1.000028,0.015000,13.050,11.029,9.816
2026-03-07_19-51-09,6,562,62,1.000028,1.000028,0.015000,13.050,11.029,9.816
2026-03-07_19-51-10,6,563,63,1.000028,1.000028,0.015000,13.050,11.029,9.816
2026-03-07_19-51-10,6,564,64,1.000029,1.000028,0.015000,13.050,11.029,9.816
2026-03-07_19-51-10,6,565,65,1.000028,1.000028,0.015000,13.050,11.029,9.816
2026-03-07_19-51-10,6,566,66,1.000029,1.000028,0.015000,13.050,11.027,9.816
2026-03-07_19-51-11,6,567,67,1.000029,1.000028,0.015000,13.050,11.027,9.816
2026-03-07_19-51-11,6,568,68,1.000029,1.000028,0.015000,13.050,11.027,9.816
2026-03-07_19-51-11,6,569,69,1.000029,1.000028,0.015000,13.050,11.027,9.816
2026-03-07_19-51-11,6,570,70,1.000029,1.000028,0.015000,13.050,11.037,9.816
2026-03-07_19-51-12,6,571,71,1.000030,1.000028,0.015000,13.050,11.039,9.816
2026-03-07_19-51-12,6,572,72,1.000029,1.000028,0.015000,13.050,11.039,9.816
2026-03-07_19-51-12,6,573,73,1.000029,1.000028,0.015000,13.050,11.039,9.816
2026-03-07_19-51-12,6,574,74,1.000029,1.000028,0.015000,13.050,11.039,9.816
2026-03-07_19-51-12,6,575,75,1.000029,1.000028,0.015000,13.050,11.038,9.816
2026-03-07_19-51-13,6,576,76,1.000029,1.000028,0.015000,13.050,11.043,9.816
2026-03-07_19-51-13,6,577,77,1.000029,1.000028,0.015000,13.050,11.043,9.816
2026-03-07_19-51-13,6,578,78,1.000029,1.000028,0.015000,13.050,11.043,9.816
2026-03-07_19-51-13,6,579,79,1.000029,1.000028,0.015000,13.050,11.042,9.816
2026-03-07_19-51-14,6,580,80,1.000029,1.000028,0.015000,13.050,11.042,9.816
2026-03-07_19-51-14,6,581,81,1.000029,1.000028,0.015000,13.050,11.042,9.816
2026-03-07_19-51-14,6,582,82,1.000029,1.000028,0.015000,13.050,11.042,9.816
2026-03-07_19-51-14,6,583,83,1.000029,1.000028,0.015000,13.050,11.043,9.816
2026-03-07_19-51-15,6,584,84,1.000029,1.000028,0.015000,13.050,11.042,9.816
2026-03-07_19-51-15,6,585,85,1.000029,1.000028,0.015000,13.050,11.042,9.816
2026-03-07_19-51-15,6,586,86,1.000029,1.000028,0.015000,13.050,11.042,9.816
2026-03-07_19-51-15,6,587,87,1.000029,1.000028,0.015000,13.050,11.042,9.816
2026-03-07_19-51-15,6,588,88,1.000029,1.000028,0.015000,13.050,11.041,9.816
2026-03-07_19-51-16,6,589,89,1.000029,1.000028,0.015000,13.050,11.041,9.816
2026-03-07_19-51-16,6,590,90,1.000029,1.000028,0.015000,13.050,11.041,9.816
2026-03-07_19-51-16,6,591,91,1.000030,1.000028,0.015000,13.050,11.041,9.816
2026-03-07_19-51-16,6,592,92,1.000029,1.000028,0.015000,13.050,11.041,9.816
2026-03-07_19-51-16,6,593,93,1.000030,1.000028,0.015000,13.050,11.040,9.816
2026-03-07_19-51-17,6,594,94,1.000029,1.000028,0.015000,13.050,11.037,9.816
2026-03-07_19-51-17,6,595,95,1.000029,1.000028,0.015000,13.050,11.035,9.816
2026-03-07_19-51-17,6,596,96,1.000031,1.000028,0.015000,13.050,11.035,9.816
2026-03-07_19-51-18,6,597,97,1.000029,1.000028,0.015000,13.050,11.035,9.816
2026-03-07_19-51-18,6,598,98,1.000030,1.000028,0.015000,13.050,11.035,9.816
2026-03-07_19-51-18,6,599,99,1.000030,1.000028,0.015000,13.050,11.035,9.816
2026-03-07_19-51-18,6,600,100,1.000029,1.000028,0.015000,13.050,11.035,9.816
2026-03-07_19-51-19,7,601,1,1.000029,1.000029,0.015000,13.050,11.032,9.364
2026-03-07_19-51-19,7,602,2,1.000029,1.000029,0.015000,13.050,11.032,9.364
2026-03-07_19-51-19,7,603,3,1.000029,1.000029,0.015000,13.050,11.032,9.364
2026-03-07_19-51-19,7,604,4,1.000030,1.000029,0.015000,13.050,11.032,9.364
2026-03-07_19-51-19,7,605,5,1.000030,1.000029,0.015000,13.050,11.027,9.364
2026-03-07_19-51-20,7,606,6,1.000030,1.000030,0.015000,13.050,11.026,9.602
2026-03-07_19-51-20,7,607,7,1.000029,1.000030,0.015000,13.050,11.026,9.602
2026-03-07_19-51-20,7,608,8,1.000030,1.000030,0.015000,13.050,11.026,9.602
2026-03-07_19-51-20,7,609,9,1.000030,1.000030,0.015000,13.050,11.026,9.602
2026-03-07_19-51-20,7,610,10,1.000030,1.000030,0.015000,13.050,11.025,9.602
2026-03-07_19-51-21,7,611,11,1.000030,1.000030,0.015000,13.050,11.037,9.602
2026-03-07_19-51-21,7,612,12,1.000030,1.000030,0.015000,13.050,11.036,9.602
2026-03-07_19-51-21,7,613,13,1.000030,1.000030,0.015000,13.050,11.036,9.602
2026-03-07_19-51-21,7,614,14,1.000030,1.000030,0.015000,13.050,11.036,9.602
2026-03-07_19-51-22,7,615,15,1.000030,1.000030,0.015000,13.050,11.036,9.602
2026-03-07_19-51-22,7,616,16,1.000030,1.000030,0.015000,13.050,11.036,9.602
2026-03-07_19-51-22,7,617,17,1.000030,1.000030,0.015000,13.050,11.036,9.602
2026-03-07_19-51-22,7,618,18,1.000030,1.000030,0.015000,13.050,11.022,9.602
2026-03-07_19-51-23,7,619,19,1.000030,1.000030,0.015000,13.050,11.022,9.602
2026-03-07_19-51-23,7,620,20,1.000030,1.000030,0.015000,13.050,11.022,9.602
2026-03-07_19-51-23,7,621,21,1.000031,1.000030,0.015000,13.050,11.022,9.721
2026-03-07_19-51-24,7,622,22,1.000030,1.000030,0.015000,13.050,11.020,9.721
2026-03-07_19-51-24,7,623,23,1.000031,1.000030,0.015000,13.050,11.020,9.721
2026-03-07_19-51-24,7,624,24,1.000030,1.000030,0.015000,13.050,11.020,9.721
2026-03-07_19-51-24,7,625,25,1.000031,1.000030,0.015000,13.050,11.020,9.721
2026-03-07_19-51-25,7,626,26,1.000031,1.000030,0.015000,13.050,11.020,9.721
2026-03-07_19-51-25,7,627,27,1.000031,1.000030,0.015000,13.050,11.020,9.721
2026-03-07_19-51-25,7,628,28,1.000031,1.000030,0.015000,13.050,11.020,9.721
2026-03-07_19-51-26,7,629,29,1.000030,1.000030,0.015000,13.050,11.020,9.721
2026-03-07_19-51-26,7,630,30,1.000031,1.000030,0.015000,13.050,11.008,9.721
2026-03-07_19-51-26,7,631,31,1.000030,1.000030,0.015000,13.050,11.008,9.721
2026-03-07_19-51-26,7,632,32,1.000031,1.000030,0.015000,13.050,11.008,9.721
2026-03-07_19-51-27,7,633,33,1.000030,1.000030,0.015000,13.050,11.008,9.721
2026-03-07_19-51-27,7,634,34,1.000031,1.000030,0.015000,13.050,11.008,9.721
2026-03-07_19-51-27,7,635,35,1.000031,1.000030,0.015000,13.050,11.008,9.721
2026-03-07_19-51-27,7,636,36,1.000031,1.000030,0.015000,13.050,11.008,9.721
2026-03-07_19-51-27,7,637,37,1.000030,1.000030,0.015000,13.050,11.008,9.721
2026-03-07_19-51-28,7,638,38,1.000031,1.000030,0.015000,13.050,11.008,9.721
2026-03-07_19-51-28,7,639,39,1.000030,1.000030,0.015000,13.050,11.008,9.721
2026-03-07_19-51-28,7,640,40,1.000031,1.000030,0.015000,13.050,11.008,9.721
2026-03-07_19-51-28,7,641,41,1.000031,1.000030,0.015000,13.050,11.008,9.721
2026-03-07_19-51-28,7,642,42,1.000031,1.000030,0.015000,13.050,11.008,9.721
2026-03-07_19-51-29,7,643,43,1.000030,1.000030,0.015000,13.050,11.008,9.721
2026-03-07_19-51-29,7,644,44,1.000031,1.000030,0.015000,13.050,11.008,9.721
2026-03-07_19-51-29,7,645,45,1.000031,1.000030,0.015000,13.050,11.008,9.721
2026-03-07_19-51-29,7,646,46,1.000031,1.000030,0.015000,13.050,11.008,9.721
2026-03-07_19-51-29,7,647,47,1.000031,1.000030,0.015000,13.050,11.008,9.721
2026-03-07_19-51-30,7,648,48,1.000032,1.000030,0.015000,13.050,11.008,9.721
2026-03-07_19-51-30,7,649,49,1.000031,1.000030,0.015000,13.050,11.008,9.721
2026-03-07_19-51-30,7,650,50,1.000031,1.000030,0.015000,13.050,11.008,9.721
2026-03-07_19-51-30,7,651,51,1.000031,1.000030,0.015000,13.050,11.008,9.721
2026-03-07_19-51-31,7,652,52,1.000032,1.000030,0.015000,13.050,11.008,9.721
2026-03-07_19-51-31,7,653,53,1.000031,1.000030,0.015000,13.050,11.008,9.721
2026-03-07_19-51-31,7,654,54,1.000031,1.000030,0.015000,13.050,11.008,9.721
2026-03-07_19-51-31,7,655,55,1.000031,1.000030,0.015000,13.050,11.008,9.721
2026-03-07_19-51-32,7,656,56,1.000031,1.000030,0.015000,13.050,11.008,9.721
2026-03-07_19-51-32,7,657,57,1.000031,1.000030,0.015000,13.050,11.008,9.721
2026-03-07_19-51-32,7,658,58,1.000031,1.000030,0.015000,13.050,11.008,9.721
2026-03-07_19-51-32,7,659,59,1.000031,1.000030,0.015000,13.050,11.008,9.721
2026-03-07_19-51-32,7,660,60,1.000031,1.000030,0.015000,13.050,11.008,9.721
2026-03-07_19-51-33,7,661,61,1.000031,1.000030,0.015000,13.050,11.008,9.721
2026-03-07_19-51-33,7,662,62,1.000031,1.000030,0.015000,13.050,11.008,9.721
2026-03-07_19-51-33,7,663,63,1.000032,1.000031,0.015000,13.050,11.008,9.721
2026-03-07_19-51-33,7,664,64,1.000031,1.000031,0.015000,13.050,11.008,9.721
2026-03-07_19-51-33,7,665,65,1.000031,1.000031,0.015000,13.050,11.008,9.721
2026-03-07_19-51-34,7,666,66,1.000031,1.000031,0.015000,13.050,11.008,9.721
2026-03-07_19-51-34,7,667,67,1.000032,1.000031,0.015000,13.050,11.008,9.721
2026-03-07_19-51-34,7,668,68,1.000031,1.000031,0.015000,13.050,11.008,9.721
2026-03-07_19-51-34,7,669,69,1.000032,1.000031,0.015000,13.050,11.008,9.721
2026-03-07_19-51-35,7,670,70,1.000032,1.000031,0.015000,13.050,11.008,9.721
2026-03-07_19-51-35,7,671,71,1.000031,1.000031,0.015000,13.050,11.008,9.721
2026-03-07_19-51-35,7,672,72,1.000031,1.000031,0.015000,13.050,11.008,9.721
2026-03-07_19-51-35,7,673,73,1.000032,1.000031,0.015000,13.050,11.008,9.721
2026-03-07_19-51-35,7,674,74,1.000032,1.000031,0.015000,13.050,11.008,9.721
2026-03-07_19-51-35,7,675,75,1.000032,1.000031,0.015000,13.050,11.008,9.721
2026-03-07_19-51-36,7,676,76,1.000032,1.000031,0.015000,13.050,11.008,9.721
2026-03-07_19-51-36,7,677,77,1.000032,1.000031,0.015000,13.050,11.008,9.721
2026-03-07_19-51-36,7,678,78,1.000032,1.000031,0.015000,13.050,11.008,9.721
2026-03-07_19-51-36,7,679,79,1.000033,1.000031,0.015000,13.050,11.008,9.721
2026-03-07_19-51-37,7,680,80,1.000032,1.000031,0.015000,13.050,11.008,9.721
2026-03-07_19-51-37,7,681,81,1.000032,1.000031,0.015000,13.050,11.008,9.721
2026-03-07_19-51-37,7,682,82,1.000032,1.000031,0.015000,13.050,11.008,9.721
2026-03-07_19-51-37,7,683,83,1.000032,1.000031,0.015000,13.050,11.008,9.721
2026-03-07_19-51-37,7,684,84,1.000033,1.000031,0.015000,13.050,11.008,9.721
2026-03-07_19-51-38,7,685,85,1.000032,1.000031,0.015000,13.050,11.008,9.721
2026-03-07_19-51-38,7,686,86,1.000032,1.000031,0.015000,13.050,11.008,9.721
2026-03-07_19-51-38,7,687,87,1.000032,1.000031,0.015000,13.050,11.008,9.721
2026-03-07_19-51-38,7,688,88,1.000032,1.000031,0.015000,13.050,11.008,9.721
2026-03-07_19-51-38,7,689,89,1.000033,1.000031,0.015000,13.050,11.008,9.721
2026-03-07_19-51-39,7,690,90,1.000033,1.000031,0.015000,13.050,11.008,9.721
2026-03-07_19-51-39,7,691,91,1.000033,1.000031,0.015000,13.050,11.008,9.721
2026-03-07_19-51-39,7,692,92,1.000033,1.000031,0.015000,13.050,11.008,9.721
2026-03-07_19-51-39,7,693,93,1.000033,1.000031,0.015000,13.050,11.008,9.721
2026-03-07_19-51-39,7,694,94,1.000033,1.000031,0.015000,13.050,11.008,9.721
2026-03-07_19-51-40,7,695,95,1.000033,1.000031,0.015000,13.050,11.008,9.721
2026-03-07_19-51-40,7,696,96,1.000033,1.000031,0.015000,13.050,11.008,9.721
2026-03-07_19-51-40,7,697,97,1.000033,1.000031,0.015000,13.050,11.008,9.721
2026-03-07_19-51-40,7,698,98,1.000033,1.000031,0.015000,13.050,11.008,9.721
2026-03-07_19-51-40,7,699,99,1.000033,1.000031,0.015000,13.050,11.008,9.721
2026-03-07_19-51-41,7,700,100,1.000033,1.000031,0.015000,13.050,11.008,9.721
2026-03-07_19-51-41,8,701,1,1.000033,1.000033,0.015000,13.050,11.013,9.491
2026-03-07_19-51-41,8,702,2,1.000033,1.000033,0.015000,13.050,11.013,9.491
2026-03-07_19-51-41,8,703,3,1.000033,1.000033,0.015000,13.050,11.013,9.491
2026-03-07_19-51-42,8,704,4,1.000033,1.000033,0.015000,13.050,11.013,9.491
2026-03-07_19-51-42,8,705,5,1.000034,1.000033,0.015000,13.050,11.013,9.491
2026-03-07_19-51-42,8,706,6,1.000034,1.000034,0.015000,13.050,11.013,9.491
2026-03-07_19-51-42,8,707,7,1.000034,1.000034,0.015000,13.050,11.013,9.491
2026-03-07_19-51-42,8,708,8,1.000033,1.000034,0.015000,13.050,11.013,9.491
2026-03-07_19-51-43,8,709,9,1.000034,1.000034,0.015000,13.050,11.012,9.491
2026-03-07_19-51-43,8,710,10,1.000034,1.000034,0.015000,13.050,11.012,9.491
2026-03-07_19-51-43,8,711,11,1.000034,1.000034,0.015000,13.050,11.012,9.491
2026-03-07_19-51-43,8,712,12,1.000034,1.000034,0.015000,13.050,11.012,9.491
2026-03-07_19-51-43,8,713,13,1.000034,1.000034,0.015000,13.050,11.012,9.491
2026-03-07_19-51-44,8,714,14,1.000034,1.000034,0.015000,13.050,11.012,9.491
2026-03-07_19-51-44,8,715,15,1.000034,1.000034,0.015000,13.050,11.012,9.491
2026-03-07_19-51-44,8,716,16,1.000034,1.000034,0.015000,13.050,11.012,9.491
2026-03-07_19-51-44,8,717,17,1.000034,1.000034,0.015000,13.050,11.012,9.491
2026-03-07_19-51-44,8,718,18,1.000034,1.000034,0.015000,13.050,11.012,9.491
2026-03-07_19-51-44,8,719,19,1.000034,1.000034,0.015000,13.050,11.012,9.491
2026-03-07_19-51-45,8,720,20,1.000034,1.000034,0.015000,13.050,11.012,9.491
2026-03-07_19-51-45,8,721,21,1.000034,1.000034,0.015000,13.050,11.012,9.491
2026-03-07_19-51-45,8,722,22,1.000034,1.000034,0.015000,13.050,11.012,9.491
2026-03-07_19-51-45,8,723,23,1.000034,1.000034,0.015000,13.050,11.012,9.491
2026-03-07_19-51-45,8,724,24,1.000035,1.000034,0.015000,13.050,11.012,9.491
2026-03-07_19-51-46,8,725,25,1.000034,1.000034,0.015000,13.050,11.008,9.491
2026-03-07_19-51-46,8,726,26,1.000035,1.000034,0.015000,13.050,11.008,9.491
2026-03-07_19-51-46,8,727,27,1.000035,1.000034,0.015000,13.050,11.008,9.491
2026-03-07_19-51-46,8,728,28,1.000035,1.000034,0.015000,13.050,11.008,9.491
2026-03-07_19-51-46,8,729,29,1.000035,1.000034,0.015000,13.050,11.008,9.491
2026-03-07_19-51-47,8,730,30,1.000034,1.000034,0.015000,13.050,11.008,9.491
2026-03-07_19-51-47,8,731,31,1.000034,1.000034,0.015000,13.050,11.008,9.491
2026-03-07_19-51-47,8,732,32,1.000034,1.000034,0.015000,13.050,11.008,9.491
2026-03-07_19-51-47,8,733,33,1.000034,1.000034,0.015000,13.050,11.008,9.491
2026-03-07_19-51-47,8,734,34,1.000034,1.000034,0.015000,13.050,11.008,9.491
2026-03-07_19-51-47,8,735,35,1.000034,1.000034,0.015000,13.050,11.008,9.491
2026-03-07_19-51-48,8,736,36,1.000034,1.000034,0.015000,13.050,11.008,9.491
2026-03-07_19-51-48,8,737,37,1.000034,1.000034,0.015000,13.050,11.008,9.491
2026-03-07_19-51-48,8,738,38,1.000034,1.000034,0.015000,13.050,11.008,9.491
2026-03-07_19-51-48,8,739,39,1.000034,1.000034,0.015000,13.050,11.008,9.491
2026-03-07_19-51-48,8,740,40,1.000035,1.000034,0.015000,13.050,11.008,9.491
2026-03-07_19-51-48,8,741,41,1.000034,1.000034,0.015000,13.050,11.008,9.491
2026-03-07_19-51-49,8,742,42,1.000034,1.000034,0.015000,13.050,11.008,9.491
2026-03-07_19-51-49,8,743,43,1.000035,1.000034,0.015000,13.050,11.008,9.491
2026-03-07_19-51-49,8,744,44,1.000034,1.000034,0.015000,13.050,11.008,9.491
2026-03-07_19-51-49,8,745,45,1.000035,1.000034,0.015000,13.050,11.008,9.491
2026-03-07_19-51-49,8,746,46,1.000035,1.000034,0.015000,13.050,11.008,9.491
2026-03-07_19-51-50,8,747,47,1.000035,1.000034,0.015000,13.050,11.008,9.491
2026-03-07_19-51-50,8,748,48,1.000034,1.000034,0.015000,13.050,11.008,9.491
2026-03-07_19-51-50,8,749,49,1.000035,1.000034,0.015000,13.050,11.008,9.491
2026-03-07_19-51-50,8,750,50,1.000034,1.000034,0.015000,13.050,11.008,9.491
2026-03-07_19-51-50,8,751,51,1.000035,1.000034,0.015000,13.050,11.008,9.491
2026-03-07_19-51-51,8,752,52,1.000035,1.000034,0.015000,13.050,11.008,9.491
2026-03-07_19-51-51,8,753,53,1.000035,1.000034,0.015000,13.050,11.008,9.491
2026-03-07_19-51-51,8,754,54,1.000035,1.000034,0.015000,13.050,11.008,9.491
2026-03-07_19-51-51,8,755,55,1.000035,1.000034,0.015000,13.050,11.008,9.491
2026-03-07_19-51-51,8,756,56,1.000035,1.000034,0.015000,13.050,11.008,9.491
2026-03-07_19-51-52,8,757,57,1.000034,1.000034,0.015000,13.050,11.008,9.491
2026-03-07_19-51-52,8,758,58,1.000035,1.000034,0.015000,13.050,11.008,9.491
2026-03-07_19-51-52,8,759,59,1.000034,1.000034,0.015000,13.050,11.008,9.491
2026-03-07_19-51-52,8,760,60,1.000035,1.000034,0.015000,13.050,11.008,9.491
2026-03-07_19-51-52,8,761,61,1.000035,1.000034,0.015000,13.050,11.008,9.491
2026-03-07_19-51-53,8,762,62,1.000035,1.000034,0.015000,13.050,11.008,9.491
2026-03-07_19-51-53,8,763,63,1.000034,1.000034,0.015000,13.050,11.008,9.491
2026-03-07_19-51-53,8,764,64,1.000035,1.000034,0.015000,13.050,11.008,9.491
2026-03-07_19-51-53,8,765,65,1.000035,1.000034,0.015000,13.050,11.008,9.491
2026-03-07_19-51-53,8,766,66,1.000035,1.000034,0.015000,13.050,11.008,9.491
2026-03-07_19-51-54,8,767,67,1.000035,1.000034,0.015000,13.050,11.008,9.491
2026-03-07_19-51-54,8,768,68,1.000034,1.000034,0.015000,13.050,11.008,9.491
2026-03-07_19-51-54,8,769,69,1.000034,1.000034,0.015000,13.050,11.008,9.491
2026-03-07_19-51-54,8,770,70,1.000035,1.000034,0.015000,13.050,11.008,9.491
2026-03-07_19-51-54,8,771,71,1.000036,1.000034,0.015000,13.050,11.008,9.491
2026-03-07_19-51-55,8,772,72,1.000035,1.000034,0.015000,13.050,11.008,9.491
2026-03-07_19-51-55,8,773,73,1.000035,1.000034,0.015000,13.050,11.008,9.491
2026-03-07_19-51-55,8,774,74,1.000034,1.000034,0.015000,13.050,11.008,9.491
2026-03-07_19-51-55,8,775,75,1.000035,1.000034,0.015000,13.050,11.008,9.491
2026-03-07_19-51-55,8,776,76,1.000035,1.000034,0.015000,13.050,11.008,9.491
2026-03-07_19-51-55,8,777,77,1.000034,1.000034,0.015000,13.050,11.008,9.491
2026-03-07_19-51-56,8,778,78,1.000035,1.000034,0.015000,13.051,11.008,9.491
2026-03-07_19-51-56,8,779,79,1.000035,1.000034,0.015000,13.051,11.008,9.491
2026-03-07_19-51-56,8,780,80,1.000034,1.000034,0.015000,13.051,11.008,9.491
2026-03-07_19-51-56,8,781,81,1.000036,1.000034,0.015000,13.051,11.008,9.491
2026-03-07_19-51-57,8,782,82,1.000035,1.000034,0.015000,13.051,11.008,9.491
2026-03-07_19-51-57,8,783,83,1.000036,1.000034,0.015000,13.051,11.008,9.491
2026-03-07_19-51-57,8,784,84,1.000036,1.000034,0.015000,13.051,11.008,9.491
2026-03-07_19-51-57,8,785,85,1.000035,1.000034,0.015000,13.051,11.008,9.491
2026-03-07_19-51-58,8,786,86,1.000036,1.000034,0.015000,13.051,11.008,9.491
2026-03-07_19-51-58,8,787,87,1.000035,1.000035,0.015000,13.051,11.008,9.491
2026-03-07_19-51-58,8,788,88,1.000035,1.000035,0.015000,13.051,11.008,9.491
2026-03-07_19-51-58,8,789,89,1.000036,1.000035,0.015000,13.051,11.008,9.491
2026-03-07_19-51-58,8,790,90,1.000035,1.000035,0.015000,13.051,11.008,9.491
2026-03-07_19-51-58,8,791,91,1.000035,1.000035,0.015000,13.051,11.008,9.491
2026-03-07_19-51-59,8,792,92,1.000035,1.000035,0.015000,13.051,11.008,9.491
2026-03-07_19-51-59,8,793,93,1.000036,1.000035,0.015000,13.051,11.008,9.491
2026-03-07_19-51-59,8,794,94,1.000035,1.000035,0.015000,13.051,11.008,9.491
2026-03-07_19-51-59,8,795,95,1.000036,1.000035,0.015000,13.051,11.008,9.491
2026-03-07_19-51-59,8,796,96,1.000035,1.000035,0.015000,13.051,11.008,9.491
2026-03-07_19-52-00,8,797,97,1.000036,1.000035,0.015000,13.051,11.007,9.491
2026-03-07_19-52-00,8,798,98,1.000035,1.000035,0.015000,13.051,11.007,9.491
2026-03-07_19-52-00,8,799,99,1.000035,1.000035,0.015000,13.051,11.007,9.491
2026-03-07_19-52-00,8,800,100,1.000036,1.000035,0.015000,13.051,11.007,9.491
2026-03-07_19-52-00,9,801,1,1.000035,1.000035,0.015000,13.051,11.012,8.785
2026-03-07_19-52-01,9,802,2,1.000036,1.000035,0.015000,13.051,11.012,9.083
2026-03-07_19-52-01,9,803,3,1.000036,1.000036,0.015000,13.051,11.012,9.083
2026-03-07_19-52-01,9,804,4,1.000036,1.000036,0.015000,13.051,11.012,9.083
2026-03-07_19-52-01,9,805,5,1.000036,1.000036,0.015000,13.051,11.012,9.398
2026-03-07_19-52-02,9,806,6,1.000035,1.000036,0.015000,13.051,11.012,9.398
2026-03-07_19-52-02,9,807,7,1.000036,1.000036,0.015000,13.051,11.012,9.398
2026-03-07_19-52-02,9,808,8,1.000036,1.000036,0.015000,13.051,11.012,9.398
2026-03-07_19-52-02,9,809,9,1.000036,1.000036,0.015000,13.051,11.012,9.398
2026-03-07_19-52-02,9,810,10,1.000036,1.000036,0.015000,13.051,11.012,9.398
2026-03-07_19-52-03,9,811,11,1.000035,1.000036,0.015000,13.051,11.011,9.398
2026-03-07_19-52-03,9,812,12,1.000036,1.000036,0.015000,13.051,11.011,9.398
2026-03-07_19-52-03,9,813,13,1.000035,1.000036,0.015000,13.051,11.011,9.398
2026-03-07_19-52-03,9,814,14,1.000036,1.000036,0.015000,13.051,11.011,9.398
2026-03-07_19-52-03,9,815,15,1.000036,1.000036,0.015000,13.051,11.011,9.398
2026-03-07_19-52-03,9,816,16,1.000035,1.000036,0.015000,13.051,11.011,9.398
2026-03-07_19-52-04,9,817,17,1.000036,1.000036,0.015000,13.051,11.011,9.398
2026-03-07_19-52-04,9,818,18,1.000036,1.000036,0.015000,13.051,11.011,9.398
2026-03-07_19-52-04,9,819,19,1.000036,1.000036,0.015000,13.051,11.011,9.398
2026-03-07_19-52-04,9,820,20,1.000037,1.000036,0.015000,13.051,11.011,9.398
2026-03-07_19-52-05,9,821,21,1.000037,1.000036,0.015000,13.051,11.011,9.398
2026-03-07_19-52-05,9,822,22,1.000037,1.000036,0.015000,13.051,11.011,9.398
2026-03-07_19-52-05,9,823,23,1.000037,1.000036,0.015000,13.051,11.011,9.398
2026-03-07_19-52-05,9,824,24,1.000037,1.000036,0.015000,13.051,11.011,9.398
2026-03-07_19-52-05,9,825,25,1.000036,1.000036,0.015000,13.051,11.007,9.398
2026-03-07_19-52-06,9,826,26,1.000036,1.000036,0.015000,13.051,11.007,9.398
2026-03-07_19-52-06,9,827,27,1.000036,1.000036,0.015000,13.051,11.007,9.398
2026-03-07_19-52-06,9,828,28,1.000035,1.000036,0.015000,13.051,11.007,9.398
2026-03-07_19-52-06,9,829,29,1.000036,1.000036,0.015000,13.051,11.007,9.398
2026-03-07_19-52-06,9,830,30,1.000037,1.000036,0.015000,13.051,11.007,9.398
2026-03-07_19-52-06,9,831,31,1.000036,1.000036,0.015000,13.051,11.007,9.398
2026-03-07_19-52-07,9,832,32,1.000036,1.000036,0.015000,13.051,11.007,9.398
2026-03-07_19-52-07,9,833,33,1.000037,1.000036,0.015000,13.051,11.007,9.398
2026-03-07_19-52-07,9,834,34,1.000036,1.000036,0.015000,13.051,11.007,9.398
2026-03-07_19-52-07,9,835,35,1.000037,1.000036,0.015000,13.051,11.007,9.398
2026-03-07_19-52-07,9,836,36,1.000037,1.000036,0.015000,13.051,11.007,9.398
2026-03-07_19-52-07,9,837,37,1.000037,1.000036,0.015000,13.051,11.007,9.398
2026-03-07_19-52-08,9,838,38,1.000037,1.000036,0.015000,13.051,11.007,9.398
2026-03-07_19-52-08,9,839,39,1.000036,1.000036,0.015000,13.051,11.007,9.398
2026-03-07_19-52-08,9,840,40,1.000037,1.000036,0.015000,13.051,11.007,9.398
2026-03-07_19-52-08,9,841,41,1.000037,1.000036,0.015000,13.051,11.007,9.398
2026-03-07_19-52-08,9,842,42,1.000037,1.000036,0.015000,13.051,11.007,9.398
2026-03-07_19-52-08,9,843,43,1.000038,1.000036,0.015000,13.051,11.007,9.398
2026-03-07_19-52-09,9,844,44,1.000038,1.000036,0.015000,13.051,11.007,9.398
2026-03-07_19-52-09,9,845,45,1.000037,1.000036,0.015000,13.051,11.007,9.398
2026-03-07_19-52-09,9,846,46,1.000037,1.000036,0.015000,13.051,11.007,9.398
2026-03-07_19-52-09,9,847,47,1.000038,1.000036,0.015000,13.051,11.007,9.398
2026-03-07_19-52-09,9,848,48,1.000038,1.000036,0.015000,13.051,11.007,9.398
2026-03-07_19-52-10,9,849,49,1.000038,1.000036,0.015000,13.051,11.007,9.398
2026-03-07_19-52-10,9,850,50,1.000038,1.000036,0.015000,13.051,11.007,9.398
2026-03-07_19-52-10,9,851,51,1.000039,1.000036,0.015000,13.051,11.007,9.398
2026-03-07_19-52-10,9,852,52,1.000038,1.000036,0.015000,13.051,11.007,9.398
2026-03-07_19-52-10,9,853,53,1.000038,1.000037,0.015000,13.051,11.007,9.398
2026-03-07_19-52-10,9,854,54,1.000038,1.000037,0.015000,13.051,11.007,9.398
2026-03-07_19-52-11,9,855,55,1.000038,1.000037,0.015000,13.051,11.007,9.398
2026-03-07_19-52-11,9,856,56,1.000038,1.000037,0.015000,13.051,11.007,9.398
2026-03-07_19-52-11,9,857,57,1.000039,1.000037,0.015000,13.051,11.007,9.398
2026-03-07_19-52-11,9,858,58,1.000038,1.000037,0.015000,13.051,11.007,9.398
2026-03-07_19-52-12,9,859,59,1.000038,1.000037,0.015000,13.051,11.007,9.398
2026-03-07_19-52-12,9,860,60,1.000038,1.000037,0.015000,13.051,11.007,9.398
2026-03-07_19-52-12,9,861,61,1.000038,1.000037,0.015000,13.051,11.007,9.398
2026-03-07_19-52-12,9,862,62,1.000038,1.000037,0.015000,13.051,11.007,9.398
2026-03-07_19-52-12,9,863,63,1.000039,1.000037,0.015000,13.051,11.007,9.398
2026-03-07_19-52-13,9,864,64,1.000038,1.000037,0.015000,13.051,11.007,9.398
2026-03-07_19-52-13,9,865,65,1.000040,1.000037,0.015000,13.051,11.007,9.398
2026-03-07_19-52-13,9,866,66,1.000040,1.000037,0.015000,13.051,11.007,9.398
2026-03-07_19-52-13,9,867,67,1.000039,1.000037,0.015000,13.051,11.007,9.398
2026-03-07_19-52-13,9,868,68,1.000040,1.000037,0.015000,13.051,11.007,9.398
2026-03-07_19-52-13,9,869,69,1.000039,1.000037,0.015000,13.051,11.007,9.398
2026-03-07_19-52-14,9,870,70,1.000040,1.000037,0.015000,13.051,11.007,9.398
2026-03-07_19-52-14,9,871,71,1.000040,1.000037,0.015000,13.051,11.007,9.398
2026-03-07_19-52-14,9,872,72,1.000040,1.000037,0.015000,13.051,11.007,9.398
2026-03-07_19-52-14,9,873,73,1.000041,1.000037,0.015000,13.051,11.007,9.398
2026-03-07_19-52-14,9,874,74,1.000040,1.000037,0.015000,13.051,11.007,9.398
2026-03-07_19-52-14,9,875,75,1.000040,1.000037,0.015000,13.051,11.007,9.398
2026-03-07_19-52-15,9,876,76,1.000041,1.000037,0.015000,13.051,11.007,9.398
2026-03-07_19-52-15,9,877,77,1.000040,1.000037,0.015000,13.051,11.007,9.398
2026-03-07_19-52-15,9,878,78,1.000040,1.000037,0.015000,13.051,11.007,9.398
2026-03-07_19-52-15,9,879,79,1.000040,1.000037,0.015000,13.051,11.007,9.398
2026-03-07_19-52-15,9,880,80,1.000040,1.000037,0.015000,13.051,11.007,9.398
2026-03-07_19-52-16,9,881,81,1.000042,1.000037,0.015000,13.051,11.007,9.398
2026-03-07_19-52-16,9,882,82,1.000041,1.000038,0.015000,13.051,11.007,9.398
2026-03-07_19-52-16,9,883,83,1.000041,1.000038,0.015000,13.051,11.007,9.398
2026-03-07_19-52-16,9,884,84,1.000041,1.000038,0.015000,13.051,11.007,9.398
2026-03-07_19-52-16,9,885,85,1.000041,1.000038,0.015000,13.051,11.007,9.398
2026-03-07_19-52-16,9,886,86,1.000041,1.000038,0.015000,13.051,11.007,9.398
2026-03-07_19-52-17,9,887,87,1.000041,1.000038,0.015000,13.051,11.007,9.398
2026-03-07_19-52-17,9,888,88,1.000040,1.000038,0.015000,13.051,11.007,9.398
2026-03-07_19-52-17,9,889,89,1.000041,1.000038,0.015000,13.051,11.007,9.398
2026-03-07_19-52-17,9,890,90,1.000042,1.000038,0.015000,13.051,11.007,9.398
2026-03-07_19-52-17,9,891,91,1.000041,1.000038,0.015000,13.051,11.007,9.398
2026-03-07_19-52-17,9,892,92,1.000042,1.000038,0.015000,13.051,11.007,9.398
2026-03-07_19-52-18,9,893,93,1.000042,1.000038,0.015000,13.051,11.007,9.398
2026-03-07_19-52-18,9,894,94,1.000042,1.000038,0.015000,13.051,11.007,9.398
2026-03-07_19-52-18,9,895,95,1.000042,1.000038,0.015000,13.051,11.007,9.398
2026-03-07_19-52-18,9,896,96,1.000041,1.000038,0.015000,13.051,11.007,9.398
2026-03-07_19-52-18,9,897,97,1.000043,1.000038,0.015000,13.051,11.007,9.398
2026-03-07_19-52-18,9,898,98,1.000043,1.000038,0.015000,13.051,11.007,9.398
2026-03-07_19-52-19,9,899,99,1.000043,1.000038,0.015000,13.051,11.007,9.398
2026-03-07_19-52-19,9,900,100,1.000044,1.000038,0.015000,13.051,11.007,9.398
2026-03-07_19-52-19,10,901,1,1.000043,1.000043,0.015000,13.051,11.013,8.540
2026-03-07_19-52-19,10,902,2,1.000042,1.000042,0.015000,13.051,11.013,8.919
2026-03-07_19-52-19,10,903,3,1.000042,1.000042,0.015000,13.051,11.013,8.919
2026-03-07_19-52-19,10,904,4,1.000043,1.000042,0.015000,13.051,11.013,8.919
2026-03-07_19-52-20,10,905,5,1.000042,1.000042,0.015000,13.051,11.013,8.919
2026-03-07_19-52-20,10,906,6,1.000043,1.000042,0.015000,13.051,11.013,8.919
2026-03-07_19-52-20,10,907,7,1.000043,1.000043,0.015000,13.051,11.013,8.919
2026-03-07_19-52-20,10,908,8,1.000043,1.000043,0.015000,13.051,11.013,8.919
2026-03-07_19-52-20,10,909,9,1.000043,1.000043,0.015000,13.051,11.013,8.919
2026-03-07_19-52-20,10,910,10,1.000041,1.000042,0.015000,13.051,11.013,8.919
2026-03-07_19-52-21,10,911,11,1.000043,1.000043,0.015000,13.051,11.012,8.919
2026-03-07_19-52-21,10,912,12,1.000043,1.000043,0.015000,13.051,11.012,8.919
2026-03-07_19-52-21,10,913,13,1.000044,1.000043,0.015000,13.051,11.012,8.919
2026-03-07_19-52-21,10,914,14,1.000044,1.000043,0.015000,13.051,11.012,8.919
2026-03-07_19-52-21,10,915,15,1.000044,1.000043,0.015000,13.051,11.012,8.919
2026-03-07_19-52-21,10,916,16,1.000043,1.000043,0.015000,13.051,11.012,8.919
2026-03-07_19-52-21,10,917,17,1.000044,1.000043,0.015000,13.051,11.011,8.919
2026-03-07_19-52-22,10,918,18,1.000044,1.000043,0.015000,13.051,11.011,8.919
2026-03-07_19-52-22,10,919,19,1.000044,1.000043,0.015000,13.051,11.011,8.919
2026-03-07_19-52-22,10,920,20,1.000044,1.000043,0.015000,13.051,11.011,8.919
2026-03-07_19-52-22,10,921,21,1.000043,1.000043,0.015000,13.051,11.011,8.919
2026-03-07_19-52-22,10,922,22,1.000044,1.000043,0.015000,13.051,11.011,8.919
2026-03-07_19-52-22,10,923,23,1.000043,1.000043,0.015000,13.051,11.011,8.919
2026-03-07_19-52-23,10,924,24,1.000043,1.000043,0.015000,13.051,11.011,8.919
2026-03-07_19-52-23,10,925,25,1.000044,1.000043,0.015000,13.051,11.011,8.919
2026-03-07_19-52-23,10,926,26,1.000043,1.000043,0.015000,13.051,11.011,8.919
2026-03-07_19-52-23,10,927,27,1.000044,1.000043,0.015000,13.051,11.011,8.919
2026-03-07_19-52-23,10,928,28,1.000044,1.000043,0.015000,13.051,11.011,8.919
2026-03-07_19-52-23,10,929,29,1.000044,1.000043,0.015000,13.051,11.011,8.919
2026-03-07_19-52-24,10,930,30,1.000044,1.000043,0.015000,13.051,11.011,8.919
2026-03-07_19-52-24,10,931,31,1.000045,1.000043,0.015000,13.051,11.011,8.919
2026-03-07_19-52-24,10,932,32,1.000043,1.000043,0.015000,13.051,11.007,8.919
2026-03-07_19-52-24,10,933,33,1.000044,1.000043,0.015000,13.051,11.007,8.919
2026-03-07_19-52-24,10,934,34,1.000044,1.000043,0.015000,13.051,11.007,8.919
2026-03-07_19-52-24,10,935,35,1.000045,1.000043,0.015000,13.051,11.007,8.919
2026-03-07_19-52-25,10,936,36,1.000044,1.000043,0.015000,13.051,11.007,8.919
2026-03-07_19-52-25,10,937,37,1.000044,1.000043,0.015000,13.051,11.007,8.919
2026-03-07_19-52-25,10,938,38,1.000044,1.000043,0.015000,13.051,11.007,8.919
2026-03-07_19-52-25,10,939,39,1.000045,1.000043,0.015000,13.051,11.007,8.919
2026-03-07_19-52-25,10,940,40,1.000044,1.000043,0.015000,13.051,11.007,8.919
2026-03-07_19-52-25,10,941,41,1.000044,1.000043,0.015000,13.051,11.007,8.919
2026-03-07_19-52-25,10,942,42,1.000045,1.000044,0.015000,13.051,11.007,8.919
2026-03-07_19-52-26,10,943,43,1.000045,1.000044,0.015000,13.051,11.007,8.919
2026-03-07_19-52-26,10,944,44,1.000044,1.000044,0.015000,13.051,11.007,8.919
2026-03-07_19-52-26,10,945,45,1.000045,1.000044,0.015000,13.051,11.007,8.919
2026-03-07_19-52-26,10,946,46,1.000044,1.000044,0.015000,13.051,11.007,8.919
2026-03-07_19-52-26,10,947,47,1.000045,1.000044,0.015000,13.051,11.007,8.919
2026-03-07_19-52-26,10,948,48,1.000045,1.000044,0.015000,13.051,11.007,8.919
2026-03-07_19-52-27,10,949,49,1.000044,1.000044,0.015000,13.051,11.007,8.919
2026-03-07_19-52-27,10,950,50,1.000046,1.000044,0.015000,13.051,11.007,8.919
2026-03-07_19-52-27,10,951,51,1.000045,1.000044,0.015000,13.051,11.007,8.919
2026-03-07_19-52-27,10,952,52,1.000045,1.000044,0.015000,13.051,11.007,8.919
2026-03-07_19-52-27,10,953,53,1.000045,1.000044,0.015000,13.051,11.007,8.919
2026-03-07_19-52-27,10,954,54,1.000045,1.000044,0.015000,13.051,11.007,8.919
2026-03-07_19-52-27,10,955,55,1.000044,1.000044,0.015000,13.051,11.007,8.919
2026-03-07_19-52-27,10,956,56,1.000046,1.000044,0.015000,13.051,11.007,8.919
2026-03-07_19-52-28,10,957,57,1.000045,1.000044,0.015000,13.051,11.007,8.919
2026-03-07_19-52-28,10,958,58,1.000046,1.000044,0.015000,13.051,11.007,8.919
2026-03-07_19-52-28,10,959,59,1.000046,1.000044,0.015000,13.051,11.007,8.919
2026-03-07_19-52-28,10,960,60,1.000045,1.000044,0.015000,13.051,11.007,8.919
2026-03-07_19-52-28,10,961,61,1.000045,1.000044,0.015000,13.051,11.007,8.919
2026-03-07_19-52-28,10,962,62,1.000046,1.000044,0.015000,13.051,11.007,8.919
2026-03-07_19-52-29,10,963,63,1.000046,1.000044,0.015000,13.051,11.007,8.919
2026-03-07_19-52-29,10,964,64,1.000045,1.000044,0.015000,13.051,11.007,8.919
2026-03-07_19-52-29,10,965,65,1.000046,1.000044,0.015000,13.051,11.007,8.919
2026-03-07_19-52-29,10,966,66,1.000046,1.000044,0.015000,13.051,11.007,8.919
2026-03-07_19-52-29,10,967,67,1.000045,1.000044,0.015000,13.051,11.007,8.919
2026-03-07_19-52-29,10,968,68,1.000047,1.000044,0.015000,13.051,11.007,8.919
2026-03-07_19-52-29,10,969,69,1.000046,1.000044,0.015000,13.051,11.007,8.919
2026-03-07_19-52-30,10,970,70,1.000046,1.000044,0.015000,13.051,11.007,8.919
2026-03-07_19-52-30,10,971,71,1.000046,1.000044,0.015000,13.051,11.007,8.919
2026-03-07_19-52-30,10,972,72,1.000045,1.000044,0.015000,13.051,11.007,8.919
2026-03-07_19-52-30,10,973,73,1.000046,1.000044,0.015000,13.051,11.007,8.919
2026-03-07_19-52-30,10,974,74,1.000046,1.000044,0.015000,13.051,11.007,8.919
2026-03-07_19-52-30,10,975,75,1.000046,1.000044,0.015000,13.051,11.007,8.919
2026-03-07_19-52-31,10,976,76,1.000046,1.000044,0.015000,13.051,11.007,8.919
2026-03-07_19-52-31,10,977,77,1.000048,1.000044,0.015000,13.051,11.007,8.919
2026-03-07_19-52-31,10,978,78,1.000048,1.000044,0.015000,13.051,11.007,8.919
2026-03-07_19-52-31,10,979,79,1.000048,1.000045,0.015000,13.051,11.007,8.919
2026-03-07_19-52-31,10,980,80,1.000046,1.000045,0.015000,13.051,11.007,8.919
2026-03-07_19-52-31,10,981,81,1.000048,1.000045,0.015000,13.051,11.007,8.919
2026-03-07_19-52-31,10,982,82,1.000047,1.000045,0.015000,13.051,11.007,8.919
2026-03-07_19-52-32,10,983,83,1.000049,1.000045,0.015000,13.051,11.007,8.919
2026-03-07_19-52-32,10,984,84,1.000048,1.000045,0.015000,13.051,11.007,8.919
2026-03-07_19-52-32,10,985,85,1.000047,1.000045,0.015000,13.051,11.007,8.919
2026-03-07_19-52-32,10,986,86,1.000048,1.000045,0.015000,13.051,11.007,8.919
2026-03-07_19-52-32,10,987,87,1.000048,1.000045,0.015000,13.051,11.007,8.919
2026-03-07_19-52-32,10,988,88,1.000048,1.000045,0.015000,13.051,11.007,8.919
2026-03-07_19-52-32,10,989,89,1.000048,1.000045,0.015000,13.051,11.007,8.919
2026-03-07_19-52-33,10,990,90,1.000048,1.000045,0.015000,13.051,11.007,8.919
2026-03-07_19-52-33,10,991,91,1.000047,1.000045,0.015000,13.051,11.007,8.919
2026-03-07_19-52-33,10,992,92,1.000048,1.000045,0.015000,13.051,11.007,8.919
2026-03-07_19-52-33,10,993,93,1.000049,1.000045,0.015000,13.051,11.007,8.919
2026-03-07_19-52-33,10,994,94,1.000049,1.000045,0.015000,13.051,11.007,8.919
2026-03-07_19-52-33,10,995,95,1.000048,1.000045,0.015000,13.051,11.007,8.919
2026-03-07_19-52-34,10,996,96,1.000048,1.000045,0.015000,13.051,11.007,8.919
2026-03-07_19-52-34,10,997,97,1.000049,1.000045,0.015000,13.051,11.007,8.919
2026-03-07_19-52-34,10,998,98,1.000049,1.000045,0.015000,13.051,11.007,8.919
2026-03-07_19-52-34,10,999,99,1.000049,1.000045,0.015000,13.051,11.007,8.919
2026-03-07_19-52-34,10,1000,100,1.000048,1.000045,0.015000,13.051,11.007,8.919
2026-03-07_19-52-40,11,1001,1,1.000049,1.000049,0.015000,12.937,11.024,8.463
2026-03-07_19-52-40,11,1002,2,1.000049,1.000049,0.015000,12.937,11.024,8.567
2026-03-07_19-52-40,11,1003,3,1.000050,1.000049,0.015000,12.937,11.024,8.567
2026-03-07_19-52-40,11,1004,4,1.000048,1.000049,0.015000,12.937,11.024,8.710
2026-03-07_19-52-40,11,1005,5,1.000049,1.000049,0.015000,12.937,11.024,8.710
2026-03-07_19-52-40,11,1006,6,1.000050,1.000049,0.015000,12.937,11.024,8.710
2026-03-07_19-52-40,11,1007,7,1.000050,1.000049,0.015000,12.937,11.023,8.710
2026-03-07_19-52-41,11,1008,8,1.000049,1.000049,0.015000,12.937,11.023,8.710
2026-03-07_19-52-41,11,1009,9,1.000051,1.000049,0.015000,12.937,11.023,8.793
2026-03-07_19-52-41,11,1010,10,1.000051,1.000050,0.015000,12.937,11.023,8.793
2026-03-07_19-52-41,11,1011,11,1.000049,1.000050,0.015000,12.937,11.025,8.793
2026-03-07_19-52-41,11,1012,12,1.000049,1.000050,0.015000,12.937,11.025,8.793
2026-03-07_19-52-41,11,1013,13,1.000051,1.000050,0.015000,12.937,11.025,8.793
2026-03-07_19-52-41,11,1014,14,1.000051,1.000050,0.015000,12.937,11.025,8.793
2026-03-07_19-52-42,11,1015,15,1.000051,1.000050,0.015000,12.937,11.025,8.793
2026-03-07_19-52-42,11,1016,16,1.000051,1.000050,0.015000,12.937,11.025,8.793
2026-03-07_19-52-42,11,1017,17,1.000048,1.000050,0.015000,12.937,11.025,8.793
2026-03-07_19-52-42,11,1018,18,1.000048,1.000050,0.015000,12.937,11.025,8.793
2026-03-07_19-52-42,11,1019,19,1.000050,1.000050,0.015000,12.937,11.025,8.793
2026-03-07_19-52-42,11,1020,20,1.000049,1.000050,0.015000,12.937,11.025,8.793
2026-03-07_19-52-42,11,1021,21,1.000049,1.000050,0.015000,12.937,11.025,8.793
2026-03-07_19-52-43,11,1022,22,1.000051,1.000050,0.015000,12.937,11.025,8.793
2026-03-07_19-52-43,11,1023,23,1.000050,1.000050,0.015000,12.937,11.025,8.793
2026-03-07_19-52-43,11,1024,24,1.000050,1.000050,0.015000,12.937,11.025,8.793
2026-03-07_19-52-43,11,1025,25,1.000051,1.000050,0.015000,12.937,11.025,8.793
2026-03-07_19-52-43,11,1026,26,1.000052,1.000050,0.015000,12.937,11.025,8.793
2026-03-07_19-52-43,11,1027,27,1.000050,1.000050,0.015000,12.937,11.025,8.793
2026-03-07_19-52-43,11,1028,28,1.000050,1.000050,0.015000,12.938,11.025,8.793
2026-03-07_19-52-44,11,1029,29,1.000050,1.000050,0.015000,12.938,11.025,8.793
2026-03-07_19-52-44,11,1030,30,1.000051,1.000050,0.015000,12.938,11.025,8.793
2026-03-07_19-52-44,11,1031,31,1.000052,1.000050,0.015000,12.938,11.025,8.793
2026-03-07_19-52-44,11,1032,32,1.000052,1.000050,0.015000,12.938,11.025,8.793
2026-03-07_19-52-44,11,1033,33,1.000051,1.000050,0.015000,12.938,11.025,8.793
2026-03-07_19-52-44,11,1034,34,1.000051,1.000050,0.015000,12.938,11.025,8.793
2026-03-07_19-52-44,11,1035,35,1.000051,1.000050,0.015000,12.938,11.025,8.793
2026-03-07_19-52-45,11,1036,36,1.000050,1.000050,0.015000,12.938,11.025,8.793
2026-03-07_19-52-45,11,1037,37,1.000048,1.000050,0.015000,12.938,11.021,8.793
2026-03-07_19-52-45,11,1038,38,1.000051,1.000050,0.015000,12.938,11.021,8.793
2026-03-07_19-52-45,11,1039,39,1.000049,1.000050,0.015000,12.938,11.021,8.793
2026-03-07_19-52-45,11,1040,40,1.000049,1.000050,0.015000,12.938,11.021,8.793
2026-03-07_19-52-45,11,1041,41,1.000052,1.000050,0.015000,12.938,11.021,8.793
2026-03-07_19-52-46,11,1042,42,1.000051,1.000050,0.015000,12.938,11.021,8.793
2026-03-07_19-52-46,11,1043,43,1.000051,1.000050,0.015000,12.938,11.021,8.793
2026-03-07_19-52-46,11,1044,44,1.000051,1.000050,0.015000,12.938,11.021,8.793
2026-03-07_19-52-46,11,1045,45,1.000052,1.000050,0.015000,12.938,11.021,8.793
2026-03-07_19-52-46,11,1046,46,1.000052,1.000050,0.015000,12.938,11.021,8.793
2026-03-07_19-52-46,11,1047,47,1.000051,1.000050,0.015000,12.938,11.021,8.793
2026-03-07_19-52-46,11,1048,48,1.000051,1.000050,0.015000,12.938,11.021,8.793
2026-03-07_19-52-47,11,1049,49,1.000051,1.000050,0.015000,12.938,11.021,8.793
2026-03-07_19-52-47,11,1050,50,1.000052,1.000050,0.015000,12.938,11.021,8.793
2026-03-07_19-52-47,11,1051,51,1.000052,1.000050,0.015000,12.938,11.021,8.793
2026-03-07_19-52-47,11,1052,52,1.000052,1.000050,0.015000,12.938,11.021,8.793
2026-03-07_19-52-47,11,1053,53,1.000050,1.000050,0.015000,12.938,11.021,8.793
2026-03-07_19-52-47,11,1054,54,1.000051,1.000050,0.015000,12.938,11.021,8.793
2026-03-07_19-52-47,11,1055,55,1.000052,1.000050,0.015000,12.938,11.021,8.793
2026-03-07_19-52-48,11,1056,56,1.000051,1.000050,0.015000,12.938,11.021,8.793
2026-03-07_19-52-48,11,1057,57,1.000053,1.000050,0.015000,12.938,11.021,8.793
2026-03-07_19-52-48,11,1058,58,1.000051,1.000050,0.015000,12.938,11.021,8.793
2026-03-07_19-52-48,11,1059,59,1.000051,1.000050,0.015000,12.938,11.021,8.793
2026-03-07_19-52-48,11,1060,60,1.000053,1.000051,0.015000,12.938,11.021,8.793
2026-03-07_19-52-48,11,1061,61,1.000053,1.000051,0.015000,12.938,11.021,8.793
2026-03-07_19-52-48,11,1062,62,1.000052,1.000051,0.015000,12.938,11.021,8.793
2026-03-07_19-52-49,11,1063,63,1.000052,1.000051,0.015000,12.938,11.021,8.793
2026-03-07_19-52-49,11,1064,64,1.000052,1.000051,0.015000,12.938,11.021,8.793
2026-03-07_19-52-49,11,1065,65,1.000053,1.000051,0.015000,12.938,11.021,8.793
2026-03-07_19-52-49,11,1066,66,1.000053,1.000051,0.015000,12.938,11.021,8.793
2026-03-07_19-52-49,11,1067,67,1.000052,1.000051,0.015000,12.938,11.021,8.793
2026-03-07_19-52-49,11,1068,68,1.000053,1.000051,0.015000,12.938,11.021,8.793
2026-03-07_19-52-49,11,1069,69,1.000053,1.000051,0.015000,12.938,11.021,8.793
2026-03-07_19-52-49,11,1070,70,1.000052,1.000051,0.015000,12.938,11.021,8.793
2026-03-07_19-52-50,11,1071,71,1.000053,1.000051,0.015000,12.938,11.021,8.793
2026-03-07_19-52-50,11,1072,72,1.000053,1.000051,0.015000,12.938,11.021,8.793
2026-03-07_19-52-50,11,1073,73,1.000055,1.000051,0.015000,12.938,11.021,8.793
2026-03-07_19-52-50,11,1074,74,1.000053,1.000051,0.015000,12.938,11.021,8.793
2026-03-07_19-52-50,11,1075,75,1.000054,1.000051,0.015000,12.938,11.021,8.793
2026-03-07_19-52-50,11,1076,76,1.000053,1.000051,0.015000,12.938,11.021,8.793
2026-03-07_19-52-50,11,1077,77,1.000054,1.000051,0.015000,12.938,11.021,8.793
2026-03-07_19-52-51,11,1078,78,1.000054,1.000051,0.015000,12.938,11.021,8.793
2026-03-07_19-52-51,11,1079,79,1.000051,1.000051,0.015000,12.938,11.021,8.793
2026-03-07_19-52-51,11,1080,80,1.000055,1.000051,0.015000,12.938,11.021,8.793
2026-03-07_19-52-51,11,1081,81,1.000053,1.000051,0.015000,12.938,11.021,8.793
2026-03-07_19-52-51,11,1082,82,1.000054,1.000051,0.015000,12.938,11.021,8.793
2026-03-07_19-52-51,11,1083,83,1.000053,1.000051,0.015000,12.938,11.021,8.793
2026-03-07_19-52-51,11,1084,84,1.000050,1.000051,0.015000,12.938,11.021,8.793
2026-03-07_19-52-52,11,1085,85,1.000054,1.000051,0.015000,12.938,11.021,8.793
2026-03-07_19-52-52,11,1086,86,1.000055,1.000051,0.015000,12.938,11.021,8.793
2026-03-07_19-52-52,11,1087,87,1.000052,1.000051,0.015000,12.938,11.021,8.793
2026-03-07_19-52-52,11,1088,88,1.000054,1.000051,0.015000,12.938,11.021,8.793
2026-03-07_19-52-52,11,1089,89,1.000055,1.000051,0.015000,12.938,11.021,8.793
2026-03-07_19-52-52,11,1090,90,1.000053,1.000051,0.015000,12.938,11.021,8.793
2026-03-07_19-52-53,11,1091,91,1.000054,1.000051,0.015000,12.938,11.021,8.793
2026-03-07_19-52-53,11,1092,92,1.000054,1.000051,0.015000,12.938,11.021,8.793
2026-03-07_19-52-53,11,1093,93,1.000053,1.000051,0.015000,12.938,11.021,8.793
2026-03-07_19-52-53,11,1094,94,1.000056,1.000052,0.015000,12.938,11.021,8.793
2026-03-07_19-52-53,11,1095,95,1.000054,1.000052,0.015000,12.938,11.022,8.793
2026-03-07_19-52-53,11,1096,96,1.000056,1.000052,0.015000,12.938,11.031,8.793
2026-03-07_19-52-53,11,1097,97,1.000055,1.000052,0.015000,12.938,11.030,8.793
2026-03-07_19-52-53,11,1098,98,1.000056,1.000052,0.015000,12.938,11.030,8.793
2026-03-07_19-52-54,11,1099,99,1.000054,1.000052,0.015000,12.938,11.030,8.793
2026-03-07_19-52-54,11,1100,100,1.000055,1.000052,0.015000,12.938,11.030,8.793
2026-03-07_19-52-54,12,1101,1,1.000053,1.000053,0.015000,12.938,11.031,8.667
2026-03-07_19-52-54,12,1102,2,1.000055,1.000054,0.015000,12.938,11.031,8.667
2026-03-07_19-52-54,12,1103,3,1.000057,1.000055,0.015000,12.938,11.031,8.667
2026-03-07_19-52-54,12,1104,4,1.000057,1.000055,0.015000,12.938,11.031,8.667
2026-03-07_19-52-54,12,1105,5,1.000057,1.000056,0.015000,12.938,11.030,8.793
2026-03-07_19-52-55,12,1106,6,1.000056,1.000056,0.015000,12.938,11.030,8.793
2026-03-07_19-52-55,12,1107,7,1.000056,1.000056,0.015000,12.938,11.030,8.793
2026-03-07_19-52-55,12,1108,8,1.000056,1.000056,0.015000,12.938,11.030,8.793
2026-03-07_19-52-55,12,1109,9,1.000056,1.000056,0.015000,12.938,11.030,8.793
2026-03-07_19-52-55,12,1110,10,1.000058,1.000056,0.015000,12.938,11.030,8.793
2026-03-07_19-52-55,12,1111,11,1.000055,1.000056,0.015000,12.938,11.030,8.793
2026-03-07_19-52-55,12,1112,12,1.000056,1.000056,0.015000,12.938,11.028,8.793
2026-03-07_19-52-56,12,1113,13,1.000056,1.000056,0.015000,12.938,11.028,8.793
2026-03-07_19-52-56,12,1114,14,1.000057,1.000056,0.015000,12.938,11.028,8.793
2026-03-07_19-52-56,12,1115,15,1.000058,1.000056,0.015000,12.938,11.028,8.793
2026-03-07_19-52-56,12,1116,16,1.000056,1.000056,0.015000,12.938,11.028,8.793
2026-03-07_19-52-56,12,1117,17,1.000057,1.000056,0.015000,12.938,11.028,8.793
2026-03-07_19-52-56,12,1118,18,1.000056,1.000056,0.015000,12.938,11.028,8.793
2026-03-07_19-52-56,12,1119,19,1.000058,1.000056,0.015000,12.938,11.028,8.793
2026-03-07_19-52-56,12,1120,20,1.000056,1.000056,0.015000,12.938,11.027,8.793
2026-03-07_19-52-57,12,1121,21,1.000056,1.000056,0.015000,12.938,11.027,8.793
2026-03-07_19-52-57,12,1122,22,1.000058,1.000056,0.015000,12.938,11.027,8.793
2026-03-07_19-52-57,12,1123,23,1.000058,1.000056,0.015000,12.938,11.027,8.793
2026-03-07_19-52-57,12,1124,24,1.000058,1.000056,0.015000,12.938,11.027,8.793
2026-03-07_19-52-57,12,1125,25,1.000059,1.000057,0.015000,12.938,11.027,8.793
2026-03-07_19-52-57,12,1126,26,1.000058,1.000057,0.015000,12.938,11.027,8.793
2026-03-07_19-52-58,12,1127,27,1.000058,1.000057,0.015000,12.938,11.027,8.793
2026-03-07_19-52-58,12,1128,28,1.000058,1.000057,0.015000,12.938,11.027,8.793
2026-03-07_19-52-58,12,1129,29,1.000058,1.000057,0.015000,12.938,11.027,8.793
2026-03-07_19-52-58,12,1130,30,1.000057,1.000057,0.015000,12.938,11.027,8.793
2026-03-07_19-52-58,12,1131,31,1.000057,1.000057,0.015000,12.938,11.038,8.793
2026-03-07_19-52-58,12,1132,32,1.000058,1.000057,0.015000,12.938,11.037,8.793
2026-03-07_19-52-58,12,1133,33,1.000058,1.000057,0.015000,12.938,11.036,8.793
2026-03-07_19-52-58,12,1134,34,1.000057,1.000057,0.015000,12.938,11.036,8.793
2026-03-07_19-52-59,12,1135,35,1.000057,1.000057,0.015000,12.938,11.036,8.793
2026-03-07_19-52-59,12,1136,36,1.000059,1.000057,0.015000,12.938,11.037,8.793
2026-03-07_19-52-59,12,1137,37,1.000057,1.000057,0.015000,12.938,11.039,8.793
2026-03-07_19-52-59,12,1138,38,1.000057,1.000057,0.015000,12.938,11.039,8.793
2026-03-07_19-52-59,12,1139,39,1.000058,1.000057,0.015000,12.938,11.039,8.793
2026-03-07_19-52-59,12,1140,40,1.000057,1.000057,0.015000,12.938,11.039,8.793
2026-03-07_19-52-59,12,1141,41,1.000057,1.000057,0.015000,12.938,11.039,8.793
2026-03-07_19-52-59,12,1142,42,1.000057,1.000057,0.015000,12.938,11.039,8.793
2026-03-07_19-53-00,12,1143,43,1.000058,1.000057,0.015000,12.938,11.038,8.793
2026-03-07_19-53-00,12,1144,44,1.000057,1.000057,0.015000,12.938,11.038,8.793
2026-03-07_19-53-00,12,1145,45,1.000055,1.000057,0.015000,12.938,11.038,8.793
2026-03-07_19-53-00,12,1146,46,1.000057,1.000057,0.015000,12.938,11.047,8.793
2026-03-07_19-53-00,12,1147,47,1.000057,1.000057,0.015000,12.938,11.049,8.793
2026-03-07_19-53-00,12,1148,48,1.000056,1.000057,0.015000,12.938,11.048,8.793
2026-03-07_19-53-01,12,1149,49,1.000057,1.000057,0.015000,12.938,11.047,8.793
2026-03-07_19-53-01,12,1150,50,1.000058,1.000057,0.015000,12.938,11.047,8.793
2026-03-07_19-53-01,12,1151,51,1.000054,1.000057,0.015000,12.938,11.047,8.793
2026-03-07_19-53-01,12,1152,52,1.000058,1.000057,0.015000,12.938,11.048,8.793
2026-03-07_19-53-01,12,1153,53,1.000055,1.000057,0.015000,12.938,11.100,8.793
2026-03-07_19-53-01,12,1154,54,1.000055,1.000057,0.015000,12.938,11.100,8.793
2026-03-07_19-53-02,12,1155,55,1.000059,1.000057,0.015000,12.938,11.096,8.793
2026-03-07_19-53-02,12,1156,56,1.000057,1.000057,0.015000,12.938,11.096,8.793
2026-03-07_19-53-02,12,1157,57,1.000057,1.000057,0.015000,12.938,11.096,8.793
2026-03-07_19-53-02,12,1158,58,1.000057,1.000057,0.015000,12.938,11.096,8.793
2026-03-07_19-53-02,12,1159,59,1.000057,1.000057,0.015000,12.938,11.096,8.793
2026-03-07_19-53-02,12,1160,60,1.000057,1.000057,0.015000,12.938,11.096,8.793
2026-03-07_19-53-02,12,1161,61,1.000057,1.000057,0.015000,12.938,11.096,8.793
2026-03-07_19-53-02,12,1162,62,1.000056,1.000057,0.015000,12.938,11.096,8.793
2026-03-07_19-53-03,12,1163,63,1.000057,1.000057,0.015000,12.938,11.081,8.793
2026-03-07_19-53-03,12,1164,64,1.000057,1.000057,0.015000,12.938,11.088,8.793
2026-03-07_19-53-03,12,1165,65,1.000056,1.000057,0.015000,12.938,11.088,8.793
2026-03-07_19-53-03,12,1166,66,1.000056,1.000057,0.015000,12.938,11.088,8.793
2026-03-07_19-53-03,12,1167,67,1.000055,1.000057,0.015000,12.938,11.088,8.793
2026-03-07_19-53-03,12,1168,68,1.000056,1.000057,0.015000,12.938,11.088,8.793
2026-03-07_19-53-03,12,1169,69,1.000056,1.000057,0.015000,12.938,11.088,8.793
2026-03-07_19-53-04,12,1170,70,1.000056,1.000057,0.015000,12.938,11.087,8.793
2026-03-07_19-53-04,12,1171,71,1.000055,1.000057,0.015000,12.938,11.087,8.793
2026-03-07_19-53-04,12,1172,72,1.000057,1.000057,0.015000,12.938,11.089,8.793
2026-03-07_19-53-04,12,1173,73,1.000055,1.000057,0.015000,12.938,11.089,8.793
2026-03-07_19-53-04,12,1174,74,1.000057,1.000057,0.015000,12.938,11.089,8.793
2026-03-07_19-53-04,12,1175,75,1.000054,1.000057,0.015000,12.938,11.089,8.793
2026-03-07_19-53-04,12,1176,76,1.000056,1.000057,0.015000,12.938,11.089,8.793
2026-03-07_19-53-05,12,1177,77,1.000057,1.000057,0.015000,12.938,11.090,8.793
2026-03-07_19-53-05,12,1178,78,1.000055,1.000057,0.015000,12.938,11.090,8.793
2026-03-07_19-53-05,12,1179,79,1.000056,1.000057,0.015000,12.938,11.090,8.793
2026-03-07_19-53-05,12,1180,80,1.000058,1.000057,0.015000,12.938,11.090,8.793
2026-03-07_19-53-05,12,1181,81,1.000057,1.000057,0.015000,12.938,11.090,8.793
2026-03-07_19-53-05,12,1182,82,1.000053,1.000057,0.015000,12.938,11.089,8.793
2026-03-07_19-53-05,12,1183,83,1.000055,1.000057,0.015000,12.938,11.089,8.793
2026-03-07_19-53-06,12,1184,84,1.000057,1.000057,0.015000,12.938,11.083,8.793
2026-03-07_19-53-06,12,1185,85,1.000059,1.000057,0.015000,12.938,11.082,8.793
2026-03-07_19-53-06,12,1186,86,1.000057,1.000057,0.015000,12.938,11.082,8.793
2026-03-07_19-53-06,12,1187,87,1.000057,1.000057,0.015000,12.938,11.083,8.793
2026-03-07_19-53-06,12,1188,88,1.000057,1.000057,0.015000,12.938,11.071,8.793
2026-03-07_19-53-06,12,1189,89,1.000057,1.000057,0.015000,12.938,11.067,8.793
2026-03-07_19-53-06,12,1190,90,1.000057,1.000057,0.015000,12.938,11.067,8.793
2026-03-07_19-53-06,12,1191,91,1.000057,1.000057,0.015000,12.938,11.067,8.793
2026-03-07_19-53-07,12,1192,92,1.000058,1.000057,0.015000,12.938,11.067,8.793
2026-03-07_19-53-07,12,1193,93,1.000060,1.000057,0.015000,12.938,11.067,8.793
2026-03-07_19-53-07,12,1194,94,1.000057,1.000057,0.015000,12.938,11.067,8.793
2026-03-07_19-53-07,12,1195,95,1.000057,1.000057,0.015000,12.938,11.066,8.793
2026-03-07_19-53-07,12,1196,96,1.000055,1.000057,0.015000,12.938,11.066,8.793
2026-03-07_19-53-07,12,1197,97,1.000058,1.000057,0.015000,12.938,11.066,8.793
2026-03-07_19-53-07,12,1198,98,1.000057,1.000057,0.015000,12.938,11.067,8.793
2026-03-07_19-53-08,12,1199,99,1.000059,1.000057,0.015000,12.938,11.066,8.793
2026-03-07_19-53-08,12,1200,100,1.000057,1.000057,0.015000,12.938,11.066,8.793
2026-03-07_19-53-08,13,1201,1,1.000058,1.000058,0.015000,12.938,11.067,8.793
2026-03-07_19-53-08,13,1202,2,1.000060,1.000059,0.015000,12.938,11.067,8.793
2026-03-07_19-53-08,13,1203,3,1.000060,1.000059,0.015000,12.938,11.067,8.793
2026-03-07_19-53-08,13,1204,4,1.000059,1.000059,0.015000,12.938,11.067,8.793
2026-03-07_19-53-08,13,1205,5,1.000060,1.000059,0.015000,12.938,11.067,8.793
2026-03-07_19-53-08,13,1206,6,1.000059,1.000059,0.015000,12.938,11.067,8.793
2026-03-07_19-53-09,13,1207,7,1.000058,1.000059,0.015000,12.938,11.067,8.793
2026-03-07_19-53-09,13,1208,8,1.000059,1.000059,0.015000,12.938,11.067,8.793
2026-03-07_19-53-09,13,1209,9,1.000059,1.000059,0.015000,12.938,11.067,8.793
2026-03-07_19-53-09,13,1210,10,1.000059,1.000059,0.015000,12.938,11.067,8.793
2026-03-07_19-53-09,13,1211,11,1.000058,1.000059,0.015000,12.938,11.067,8.793
2026-03-07_19-53-09,13,1212,12,1.000060,1.000059,0.015000,12.938,11.067,8.793
2026-03-07_19-53-09,13,1213,13,1.000060,1.000059,0.015000,12.938,11.067,8.793
2026-03-07_19-53-10,13,1214,14,1.000058,1.000059,0.015000,12.938,11.061,8.793
2026-03-07_19-53-10,13,1215,15,1.000057,1.000059,0.015000,12.938,11.058,8.793
2026-03-07_19-53-10,13,1216,16,1.000056,1.000059,0.015000,12.938,11.058,8.793
2026-03-07_19-53-10,13,1217,17,1.000059,1.000059,0.015000,12.938,11.058,8.793
2026-03-07_19-53-10,13,1218,18,1.000060,1.000059,0.015000,12.938,11.058,8.793
2026-03-07_19-53-10,13,1219,19,1.000060,1.000059,0.015000,12.938,11.058,8.793
2026-03-07_19-53-10,13,1220,20,1.000061,1.000059,0.015000,12.938,11.058,8.793
2026-03-07_19-53-11,13,1221,21,1.000062,1.000059,0.015000,12.938,11.058,8.793
2026-03-07_19-53-11,13,1222,22,1.000062,1.000059,0.015000,12.938,11.058,8.793
2026-03-07_19-53-11,13,1223,23,1.000062,1.000060,0.015000,12.938,11.058,8.793
2026-03-07_19-53-11,13,1224,24,1.000062,1.000060,0.015000,12.938,11.058,8.793
2026-03-07_19-53-11,13,1225,25,1.000063,1.000060,0.015000,12.938,11.058,8.793
2026-03-07_19-53-11,13,1226,26,1.000062,1.000060,0.015000,12.938,11.058,8.793
